id,web_name,full_name,team_name,position,status,price,total_points,minutes,goals_scored,assists,clean_sheets,goals_conceded,saves,bonus,yellow_cards,red_cards,penalties_missed,penalties_saved,own_goals,bps,influence,creativity,threat,ict_index,form,points_per_game,ep_this,ep_next,selected_pct,in_dreamteam,tackles,recoveries,clearances_blocks_interceptions
430,Haaland,Erling Haaland,Man City,FWD,a,14.6,195,2323,22,7,10,26,0,35,1,0,1,0,0,779,975.4,251.1,1179.0,240.7,4.8,7.0,4.0,5.3,61.4,True,13,29,41
82,Semenyo,Antoine Semenyo,Man City,MID,a,8.3,172,2516,15,6,8,46,0,17,6,0,1,0,0,562,797.0,488.3,848.0,213.5,7.0,6.1,7.5,7.5,57.2,True,40,126,40
449,B.Fernandes,Bruno Borges Fernandes,Man Utd,MID,a,10.1,166,2255,7,14,4,36,0,31,3,0,2,0,0,718,921.4,1335.0,437.0,269.6,6.2,6.4,6.7,6.7,40.5,True,42,127,55
5,Gabriel,Gabriel dos Santos Magalhães,Arsenal,DEF,a,7.2,164,2075,3,4,13,15,0,24,3,0,0,0,0,563,665.6,105.4,196.0,96.5,5.8,6.8,6.8,6.8,43.5,True,31,44,183
21,Rice,Declan Rice,Arsenal,MID,a,7.4,160,2490,4,9,13,21,0,21,2,0,0,0,0,678,719.6,867.7,265.0,185.4,5.2,5.5,4.7,6.2,30.0,True,54,150,105
249,João Pedro,João Pedro Junqueira de Jesus,Chelsea,FWD,a,7.7,160,2140,14,9,10,23,0,28,4,0,0,0,0,651,710.8,409.8,778.0,189.4,9.5,5.5,10.0,10.0,47.4,True,22,61,35
8,J.Timber,Jurriën Timber,Arsenal,DEF,a,6.3,148,2415,3,6,13,20,0,9,5,0,0,0,0,529,492.0,401.0,350.0,124.6,5.4,5.1,6.4,6.4,28.5,True,64,96,80
136,Thiago,Igor Thiago Nascimento Rodrigues,Brentford,FWD,a,7.2,143,2472,18,1,7,38,0,19,6,0,1,0,0,583,788.2,275.2,936.0,199.7,3.0,4.9,3.0,3.5,34.6,True,23,73,55
329,Wilson,Harry Wilson,Fulham,MID,d,6.0,140,2086,9,8,6,31,0,19,6,0,0,0,0,529,594.6,486.9,501.0,158.1,5.5,5.2,4.1,4.1,23.2,True,21,67,51
291,Tarkowski,James Tarkowski,Everton,DEF,a,5.7,136,2610,1,1,10,33,0,9,5,0,0,0,0,484,746.0,185.6,265.0,120.0,5.0,4.7,5.5,4.0,11.1,True,39,69,265
624,Bowen,Jarrod Bowen,West Ham,FWD,a,7.5,135,2599,8,6,5,52,0,21,4,0,0,0,0,529,639.2,473.8,685.0,179.7,5.0,4.7,5.0,4.5,7.6,False,36,125,53
488,Bruno G.,Bruno Guimarães Rodriguez Moura,Newcastle,MID,i,6.8,134,2019,9,6,6,31,0,19,5,0,0,0,0,584,682.6,634.3,365.0,168.3,0.8,5.8,0.0,0.0,5.0,False,50,107,43
260,Guéhi,Marc Guéhi,Man City,DEF,a,5.2,133,2430,2,4,10,29,0,9,5,0,0,0,0,506,672.0,198.8,321.0,119.3,3.8,4.9,4.3,4.3,37.3,False,37,111,181
517,Anderson,Elliot Anderson,Nott'm Forest,MID,a,5.5,131,2596,2,3,7,42,0,10,5,0,0,0,0,602,669.0,752.8,232.0,165.7,5.8,4.5,5.3,5.8,7.0,False,83,243,80
47,Rogers,Morgan Rogers,Aston Villa,MID,a,7.5,130,2587,8,5,8,34,0,13,6,0,0,0,0,456,592.6,527.6,710.0,182.9,1.8,4.5,1.3,1.3,26.2,False,30,107,41
16,Saka,Bukayo Saka,Arsenal,MID,a,9.8,130,1905,6,8,9,16,0,14,1,0,0,0,0,485,529.4,696.1,727.0,195.5,5.8,5.0,6.8,6.8,8.1,False,34,100,22
373,Virgil,Virgil van Dijk,Liverpool,DEF,a,6.2,130,2610,3,1,9,39,0,9,4,0,0,0,0,460,861.2,178.4,364.0,140.3,7.2,4.5,8.2,7.7,32.5,False,18,65,253
303,Garner,James Garner,Everton,MID,a,5.2,129,2603,2,5,10,33,0,13,7,0,0,0,0,639,686.4,721.1,207.0,161.7,5.0,4.4,5.5,4.0,4.0,False,87,146,123
226,Chalobah,Trevoh Chalobah,Chelsea,DEF,a,5.6,129,2460,3,1,9,33,0,7,3,1,0,0,0,486,662.2,93.8,145.0,90.0,2.0,4.6,2.5,2.5,18.6,False,34,106,212
457,Casemiro,Carlos Henrique Casimiro,Man Utd,MID,a,5.6,127,1964,6,4,8,22,0,15,6,1,0,0,0,474,622.2,404.2,426.0,145.5,4.8,4.7,5.3,5.3,2.6,False,65,110,84
407,Matheus N.,Matheus Nunes,Man City,DEF,a,5.4,126,2174,1,7,9,22,0,16,4,0,0,0,0,530,546.8,408.4,76.0,103.4,4.0,4.8,4.5,4.5,3.5,False,48,129,109
72,Senesi,Marcos Senesi Barón,Bournemouth,DEF,a,5.0,126,2478,0,4,8,45,0,9,8,0,0,0,0,407,866.6,296.0,165.0,133.0,5.5,4.5,5.5,6.0,17.4,False,49,115,285
237,Enzo,Enzo Fernández,Chelsea,MID,a,6.7,125,2397,8,4,8,31,0,14,8,0,0,0,0,547,647.4,743.8,614.0,200.6,2.2,4.5,2.7,2.7,15.9,False,47,111,42
661,Ekitiké,Hugo Ekitiké,Liverpool,FWD,a,9.1,123,1764,11,4,7,24,0,22,0,0,0,0,0,426,522.4,294.6,728.0,153.5,4.6,4.7,5.6,5.1,34.0,False,11,40,31
411,O'Reilly,Nico O'Reilly,Man City,DEF,a,5.1,123,2040,4,3,11,19,0,6,4,0,0,0,0,433,509.8,321.5,333.0,116.5,7.6,4.6,6.1,8.1,9.4,False,60,80,79
1,Raya,David Raya Martín,Arsenal,GKP,a,6.0,122,2700,0,0,14,22,47,6,1,0,0,0,0,487,425.8,33.4,0.0,46.0,3.2,4.1,4.2,4.2,34.5,True,1,251,27
515,Gibbs-White,Morgan Gibbs-White,Nott'm Forest,MID,a,7.3,122,2477,8,2,7,39,0,11,1,0,0,0,0,483,531.0,641.9,588.0,175.9,5.5,4.2,5.0,5.5,3.8,False,15,86,39
257,Lacroix,Maxence Lacroix,Crystal Palace,DEF,a,5.1,119,2395,1,2,9,34,0,7,3,1,0,0,0,412,627.2,79.5,217.0,92.4,3.4,4.4,0.0,3.4,4.5,False,49,76,231
390,Gravenberch,Ryan Gravenberch,Liverpool,MID,a,5.5,119,2338,4,5,9,31,0,13,5,0,0,0,0,537,559.6,412.4,151.0,112.0,3.6,4.4,4.6,4.1,5.2,False,45,111,90
119,Mbeumo,Bryan Mbeumo,Man Utd,MID,a,8.7,118,2047,9,3,5,31,0,15,4,0,0,0,0,429,524.0,664.6,714.0,190.3,3.8,4.9,4.3,4.3,23.3,False,19,75,15
287,Pickford,Jordan Pickford,Everton,GKP,a,5.6,117,2610,0,0,10,33,78,11,2,0,0,1,0,465,683.4,0.2,2.0,68.6,2.5,4.0,3.0,1.5,13.3,False,2,244,38
253,Henderson,Dean Henderson,Crystal Palace,GKP,a,5.0,115,2610,0,0,10,35,86,7,3,0,0,1,0,478,692.0,10.0,0.0,70.1,6.2,4.0,6.2,6.2,8.1,False,0,234,43
694,Mukiele,Nordi Mukiele,Sunderland,DEF,d,4.5,115,2163,1,5,7,28,0,8,4,0,0,0,1,397,559.0,278.7,141.0,97.9,0.8,4.6,0.0,0.4,8.9,False,57,101,168
531,Ballard,Daniel Ballard,Sunderland,DEF,a,4.6,114,1941,2,2,6,27,0,9,3,0,0,0,0,353,612.4,153.6,348.0,111.5,5.2,4.6,5.2,5.2,3.7,False,30,60,212
660,Stach,Anton Stach,Leeds,MID,a,4.7,114,1955,4,6,4,34,0,11,3,0,0,0,0,466,546.2,765.0,268.0,158.2,4.2,4.8,4.2,4.2,2.6,False,54,104,66
26,Zubimendi,Martín Zubimendi Ibáñez,Arsenal,MID,a,5.2,114,2524,5,1,14,20,0,9,4,0,0,0,0,517,531.6,319.1,243.0,109.5,2.6,3.8,3.6,3.6,4.4,False,53,97,103
408,Rúben,Rúben dos Santos Gato Alves Dias,Man City,DEF,a,5.5,112,2049,2,0,12,20,0,4,3,0,0,0,0,447,549.2,139.5,96.0,78.6,3.4,4.5,3.9,3.9,3.4,False,13,71,151
242,Dewsbury-Hall,Kiernan Dewsbury-Hall,Everton,MID,a,5.1,112,1828,6,5,7,23,0,14,6,0,0,0,0,435,431.8,431.9,296.0,116.0,5.2,5.1,5.7,4.2,5.0,False,36,89,34
414,Foden,Phil Foden,Man City,MID,a,8.1,111,1792,7,3,10,16,0,10,4,0,0,0,0,486,501.4,765.3,437.0,170.2,1.6,4.4,2.1,2.1,8.5,False,27,83,23
374,Konaté,Ibrahima Konaté,Liverpool,DEF,a,5.5,111,2404,1,0,9,32,0,8,5,0,0,0,0,438,637.8,138.9,96.0,87.5,3.8,4.0,4.8,4.3,4.3,False,45,93,197
225,James,Reece James,Chelsea,DEF,a,5.6,111,1802,2,6,8,19,0,11,4,0,0,0,0,466,428.6,414.4,98.0,94.3,3.5,4.3,4.0,4.0,8.3,False,47,91,74
670,Roefs,Robin Roefs,Sunderland,GKP,d,4.9,110,2520,0,0,8,34,85,9,3,0,0,1,0,474,704.0,40.0,0.0,74.3,1.2,3.9,1.2,0.3,10.0,False,0,277,33
256,Muñoz,Daniel Muñoz Mejía,Crystal Palace,DEF,d,5.9,109,1779,3,3,9,20,0,8,5,0,0,0,0,386,438.8,302.3,285.0,102.5,3.4,5.2,3.4,2.5,8.1,False,49,82,93
387,Szoboszlai,Dominik Szoboszlai,Liverpool,MID,a,6.9,109,2422,4,3,8,38,0,15,6,1,1,0,0,564,622.4,954.7,297.0,187.3,4.0,4.0,5.0,4.5,11.6,False,42,141,70
691,Calvert-Lewin,Dominic Calvert-Lewin,Leeds,FWD,a,5.7,108,1933,10,2,4,28,0,16,1,0,0,0,0,345,428.4,248.4,717.0,138.3,1.5,4.2,1.5,1.5,9.0,False,10,30,25
258,Mitchell,Tyrick Mitchell,Crystal Palace,DEF,a,5.0,108,2578,1,1,10,35,0,7,5,0,0,0,0,384,499.6,363.2,187.0,105.1,4.2,3.7,4.2,4.2,2.2,False,78,140,113
295,Keane,Michael Keane,Everton,DEF,a,4.6,107,1955,3,0,6,28,0,8,0,1,0,0,0,334,585.0,28.5,228.0,84.1,1.2,4.3,1.7,0.2,3.4,False,27,71,203
151,Van Hecke,Jan Paul van Hecke,Brighton,DEF,a,4.4,107,2400,3,2,6,34,0,7,7,0,0,0,1,416,765.2,181.3,228.0,117.8,4.0,4.0,3.0,4.0,3.9,False,39,80,189
547,E.Le Fée,Enzo Le Fée,Sunderland,MID,a,5.0,107,2295,4,4,8,31,0,8,5,0,1,0,0,430,533.2,566.5,199.0,130.0,4.8,3.8,4.8,4.8,1.4,False,67,116,63
74,Truffert,Adrien Truffert,Bournemouth,DEF,a,4.6,107,2568,0,2,8,43,0,9,3,0,0,0,0,394,583.0,370.8,94.0,104.8,6.2,3.7,6.2,6.7,2.5,False,78,149,158
236,Neto,Pedro Lomba Neto,Chelsea,MID,a,7.0,106,2138,5,5,11,21,0,8,2,1,0,0,0,454,442.8,684.0,427.0,155.6,2.0,3.8,0.0,2.5,4.3,False,15,71,17
350,Aaronson,Brenden Aaronson,Leeds,MID,a,5.4,105,1862,4,6,7,27,0,5,1,0,0,0,0,362,388.2,354.6,424.0,116.6,2.2,3.8,2.2,2.2,0.6,False,44,101,23
684,Thiaw,Malick Thiaw,Newcastle,DEF,a,5.0,105,2207,4,0,4,40,0,11,3,0,0,0,0,339,683.8,102.9,346.0,113.0,4.8,4.0,4.3,4.3,4.2,False,28,95,194
708,M.Fernandes,Mateus Gonçalo Espanha Fernandes,West Ham,MID,a,5.5,104,2213,3,3,5,39,0,6,5,0,0,0,0,508,517.0,470.7,105.0,109.4,3.0,3.9,3.0,2.5,0.4,False,75,139,68
101,Kelleher,Caoimhín Kelleher,Brentford,GKP,a,4.7,104,2520,0,0,7,37,75,6,1,0,0,3,0,402,643.6,20.0,0.0,66.4,2.5,3.7,2.5,3.0,12.3,False,1,211,35
261,Richards,Chris Richards,Crystal Palace,DEF,a,4.4,104,2242,1,0,9,31,0,3,3,0,0,0,0,382,605.6,119.1,135.0,86.2,3.8,4.2,3.8,3.8,2.6,False,50,49,205
84,Tavernier,Marcus Tavernier,Bournemouth,MID,a,5.3,104,1942,5,4,8,37,0,10,4,0,0,0,0,378,456.4,484.7,420.0,136.3,2.5,4.2,2.5,3.0,1.7,False,29,102,47
450,Cunha,Matheus Santos Carneiro da Cunha,Man Utd,MID,a,8.0,103,1897,6,3,6,26,0,10,1,0,0,0,0,415,475.0,386.5,576.0,143.9,3.0,4.0,3.5,3.5,7.6,False,31,94,33
736,Donnarumma,Gianluigi Donnarumma,Man City,GKP,a,5.6,102,2340,0,0,11,23,64,3,6,0,0,1,0,444,540.6,0.0,0.0,54.2,4.2,3.9,4.7,4.7,9.6,False,0,176,35
384,Gakpo,Cody Gakpo,Liverpool,MID,a,7.3,101,1972,6,3,8,27,0,5,2,0,0,0,0,365,422.6,574.6,629.0,162.5,3.4,3.7,4.4,3.9,6.0,False,21,67,29
90,Scott,Alex Scott,Bournemouth,MID,a,5.1,101,2128,2,2,8,34,0,6,3,0,0,0,0,434,421.4,317.8,259.0,99.4,3.8,3.5,3.8,4.3,1.3,False,42,134,103
299,Ndiaye,Iliman Ndiaye,Everton,MID,a,6.2,100,1973,5,3,7,27,0,5,2,0,0,0,0,418,471.4,358.0,397.0,122.9,5.2,4.3,5.7,4.2,4.3,False,52,137,27
36,Cash,Matty Cash,Aston Villa,DEF,d,4.8,100,2352,3,2,7,27,0,6,7,0,0,0,0,379,533.0,413.7,188.0,113.5,0.2,3.7,-0.3,-0.2,9.5,False,48,74,102
64,Watkins,Ollie Watkins,Aston Villa,FWD,a,8.5,100,2144,8,2,8,29,0,11,2,0,0,0,0,352,387.6,226.6,778.0,138.6,1.8,3.6,1.3,1.3,7.9,False,18,40,16
683,Alderete,Omar Alderete,Sunderland,DEF,a,4.1,100,2173,1,1,8,29,0,5,5,0,0,0,0,335,631.8,118.9,207.0,96.2,3.5,4.0,3.5,3.5,6.6,False,25,75,228
200,Anthony,Jaidon Anthony,Burnley,MID,a,5.0,100,1928,7,3,3,43,0,6,4,0,0,0,0,385,453.4,386.4,416.0,125.5,6.0,3.6,5.5,5.5,1.9,False,33,109,38
382,Wirtz,Florian Wirtz,Liverpool,MID,a,8.3,100,1850,4,3,8,23,0,16,1,0,0,0,0,412,409.0,682.1,530.0,162.1,1.0,4.0,0.5,1.5,9.1,False,28,86,19
20,Trossard,Leandro Trossard,Arsenal,MID,d,6.7,99,1675,5,5,8,14,0,9,1,0,0,0,0,351,407.4,450.0,432.0,129.2,1.4,3.8,2.4,1.8,1.0,False,25,68,22
106,Collins,Nathan Collins,Brentford,DEF,a,4.9,99,2161,1,2,6,32,0,7,4,0,0,0,1,340,661.8,116.3,258.0,103.8,1.8,3.8,1.8,2.3,2.7,False,24,98,218
417,Cherki,Rayan Cherki,Man City,MID,a,6.4,99,1267,3,9,6,13,0,12,1,0,0,0,0,429,427.6,681.2,344.0,145.5,2.2,4.1,2.7,2.7,7.6,False,23,77,15
337,Raúl,Raúl Jiménez Rodríguez,Fulham,FWD,a,6.2,97,1903,8,5,7,25,0,7,5,0,0,0,0,361,429.4,289.8,659.0,137.4,3.8,3.5,3.8,3.8,2.9,False,30,47,37
32,Martinez,Emiliano Martínez Romero,Aston Villa,GKP,a,5.1,97,2205,0,0,6,26,72,10,2,0,0,1,0,422,571.0,13.2,0.0,58.4,3.2,3.9,2.7,2.7,4.4,False,0,210,25
120,Schade,Kevin Schade,Brentford,MID,a,6.9,97,2063,7,4,8,25,0,5,6,1,1,0,0,319,472.8,325.9,669.0,146.4,2.8,3.7,2.8,3.3,1.8,False,33,77,45
83,O.Dango,Dango Ouattara,Brentford,MID,a,6.0,97,1613,5,6,4,24,0,10,4,0,0,0,0,296,345.0,243.0,449.0,103.1,2.8,4.2,2.8,3.3,3.6,False,16,65,59
220,Sánchez,Robert Lynch Sánchez,Chelsea,GKP,a,4.9,97,2344,0,1,9,32,71,7,3,1,0,0,0,435,618.4,50.0,0.0,66.4,1.2,3.6,1.7,1.7,13.5,False,2,234,22
575,Van de Ven,Micky van de Ven,Spurs,DEF,s,4.4,97,2366,4,1,7,42,0,10,7,1,0,0,0,338,583.2,80.2,204.0,86.6,0.0,3.6,0.0,0.0,20.8,False,31,94,147
6,Saliba,William Saliba,Arsenal,DEF,d,6.1,96,1984,1,0,10,16,0,6,1,0,0,0,0,412,400.0,124.6,72.0,59.7,2.6,4.0,3.6,2.7,13.4,False,26,89,112
381,M.Salah,Mohamed Salah,Liverpool,MID,a,14.0,96,1792,5,6,6,31,0,7,1,0,0,0,0,305,394.4,617.5,644.0,165.6,4.4,4.6,5.4,4.9,14.4,False,10,62,10
440,Dalot,Diogo Dalot Teixeira,Man Utd,DEF,a,4.6,95,2049,1,6,6,32,0,9,5,0,0,0,0,343,435.4,383.6,159.0,97.8,2.5,3.5,3.0,3.0,5.0,False,38,106,97
67,Petrović,Đorđe Petrović,Bournemouth,GKP,a,4.5,94,2610,0,0,8,46,88,5,2,0,0,0,1,381,656.2,0.0,0.0,65.9,5.2,3.2,5.2,5.7,5.0,False,0,227,54
673,J.Palhinha,João Maria Lobo Alves Palhares Costa Palhinha Gonçalves,Spurs,MID,a,5.5,94,1774,3,3,4,32,0,11,6,0,0,0,0,398,495.0,115.6,170.0,78.3,2.8,3.6,2.8,2.3,0.8,False,96,69,79
666,Gyökeres,Viktor Gyökeres,Arsenal,FWD,a,8.8,94,1859,10,0,10,11,0,11,4,0,0,0,0,348,373.8,210.8,589.0,116.5,3.8,3.4,4.8,4.8,12.1,False,6,47,18
668,Xhaka,Granit Xhaka,Sunderland,MID,a,5.1,94,2091,1,5,7,25,0,5,4,0,0,0,0,455,543.0,444.4,81.0,106.8,1.0,3.8,1.0,1.0,3.4,False,36,115,109
293,O'Brien,Jake O'Brien,Everton,DEF,a,4.9,93,2366,0,2,9,31,0,2,2,1,0,0,0,322,445.6,224.5,126.0,79.9,1.2,3.3,1.7,0.2,0.7,False,48,89,131
317,Andersen,Joachim Andersen,Fulham,DEF,a,4.5,93,2291,0,1,5,38,0,5,6,0,0,0,0,325,657.2,111.8,124.0,89.6,1.5,3.6,1.5,1.5,4.8,False,37,91,228
241,Caicedo,Moisés Caicedo Corozo,Chelsea,MID,a,5.7,93,2044,3,1,6,29,0,10,8,1,0,0,0,457,476.6,278.2,104.0,85.7,2.2,3.9,2.7,2.7,7.7,False,71,133,86
615,Summerville,Crysencio Summerville,West Ham,MID,d,5.7,92,1856,5,3,5,34,0,10,4,0,0,0,0,337,371.0,331.2,472.0,117.4,4.5,3.8,4.5,3.0,3.0,False,31,90,42
235,Palmer,Cole Palmer,Chelsea,MID,a,10.6,92,1236,9,2,3,18,0,9,4,0,0,0,0,320,432.0,239.0,405.0,107.4,6.2,5.1,6.7,6.7,16.2,False,17,57,21
178,Welbeck,Danny Welbeck,Brighton,FWD,a,6.1,92,1645,10,0,6,21,0,14,4,0,2,0,0,356,407.4,233.1,482.0,111.6,4.4,3.3,3.4,4.4,3.8,False,18,34,25
354,Ampadu,Ethan Ampadu,Leeds,MID,a,4.9,92,2309,1,2,4,41,0,6,7,0,0,0,0,424,453.4,301.1,90.0,84.7,4.0,3.5,4.0,4.0,0.2,False,63,139,111
224,Cucurella,Marc Cucurella Saseta,Chelsea,DEF,a,6.0,91,1896,1,3,9,21,0,5,5,1,0,0,0,416,434.0,395.2,194.0,102.3,0.5,3.6,0.5,1.0,13.7,False,43,85,98
324,Iwobi,Alex Iwobi,Fulham,MID,a,6.4,91,1952,4,3,3,36,0,13,2,0,0,0,0,428,434.0,576.9,227.0,123.9,6.8,4.0,6.8,6.8,2.2,False,22,95,27
266,Eze,Eberechi Eze,Arsenal,MID,a,7.2,91,1404,6,3,7,10,0,8,1,0,0,0,0,346,335.4,223.3,351.0,90.8,4.2,3.6,5.2,5.2,8.1,False,15,58,18
139,Verbruggen,Bart Verbruggen,Brighton,GKP,a,4.5,91,2610,0,0,6,36,80,4,3,0,0,1,1,456,703.4,10.0,0.0,71.4,3.4,3.1,2.4,3.4,5.4,False,1,256,24
267,Sarr,Ismaïla Sarr,Crystal Palace,MID,a,6.3,90,1636,7,1,8,19,0,9,2,0,0,0,0,282,377.0,198.4,396.0,97.3,5.8,4.7,5.8,5.8,3.7,False,17,58,36
273,Wharton,Adam Wharton,Crystal Palace,MID,a,5.0,90,2135,0,6,8,33,0,6,4,1,0,0,0,412,379.6,537.3,147.0,106.6,4.8,3.5,4.8,4.8,0.6,False,60,131,58
681,Šeško,Benjamin Sesko,Man Utd,FWD,a,7.3,89,1295,8,2,1,26,0,17,1,0,0,0,0,304,370.2,133.5,658.0,115.5,6.5,3.7,7.0,7.0,5.9,False,5,29,19
228,Gusto,Malo Gusto,Chelsea,DEF,a,4.9,89,1644,2,3,7,21,0,7,2,1,0,0,0,351,346.8,290.4,162.0,79.9,3.0,3.4,3.5,3.5,1.9,False,42,96,51
569,Romero,Cristian Romero,Spurs,DEF,a,5.0,89,1710,4,1,5,29,0,10,8,2,0,0,0,288,543.2,110.8,206.0,86.0,0.0,4.2,0.0,-0.5,3.1,False,53,80,129
38,Konsa,Ezri Konsa Ngoyo,Aston Villa,DEF,a,4.4,88,2495,0,1,8,33,0,3,0,1,0,0,0,433,499.6,87.7,104.0,69.6,3.5,3.1,3.0,3.0,8.0,False,20,88,147
97,Evanilson,Francisco Evanilson de Lima Barbosa,Bournemouth,FWD,a,6.8,87,2013,6,3,8,33,0,6,1,0,0,0,0,315,295.0,310.4,649.0,125.2,2.8,3.2,2.1,3.3,2.2,False,7,53,25
7,Calafiori,Riccardo Calafiori,Arsenal,DEF,d,5.6,87,1373,1,2,10,8,0,4,5,0,0,0,0,310,233.2,110.2,230.0,57.4,0.6,4.1,1.6,1.2,6.0,False,31,59,62
714,Woltemade,Nick Woltemade,Newcastle,FWD,a,6.7,86,1530,7,3,6,25,0,10,0,0,0,0,1,300,358.2,182.7,381.0,91.1,0.8,3.4,0.2,0.3,6.9,False,18,38,23
160,Minteh,Yankuba Minteh,Brighton,MID,a,5.5,85,1679,1,8,6,26,0,6,0,0,0,0,0,323,319.8,464.5,469.0,125.5,0.6,3.4,-0.4,0.6,1.8,False,35,72,23
646,J.Gomes,João Victor Gomes da Silva,Wolves,MID,a,5.3,85,2207,1,1,4,41,0,4,9,0,0,0,0,421,385.0,286.9,150.0,82.7,4.6,3.0,3.6,4.1,0.3,False,83,157,72
121,Damsgaard,Mikkel Damsgaard,Brentford,MID,a,5.6,85,1495,3,4,3,25,0,6,0,0,0,0,0,352,414.0,527.0,249.0,119.1,5.8,3.4,5.8,6.3,0.8,False,40,94,34
565,Vicario,Guglielmo Vicario,Spurs,GKP,a,4.7,85,2610,0,0,7,46,76,6,1,0,0,0,0,392,651.6,0.1,0.0,65.4,1.0,2.9,1.0,0.5,5.6,False,1,231,34
348,Rodon,Joe Rodon,Leeds,DEF,a,3.9,85,2366,2,0,3,46,0,5,1,0,0,0,0,279,574.8,64.9,173.0,81.5,2.8,3.1,2.1,2.8,3.9,False,31,70,193
427,Reijnders,Tijjani Reijnders,Man City,MID,a,5.0,85,1473,5,2,7,16,0,6,2,0,0,0,0,319,329.6,318.5,387.0,102.7,0.4,3.4,0.9,0.9,9.6,False,10,52,29
366,A.Becker,Alisson Becker,Liverpool,GKP,d,5.4,85,2160,0,0,8,29,50,8,1,0,0,0,0,359,429.0,0.1,0.0,42.8,3.6,3.5,4.6,3.1,6.4,False,0,211,35
532,Hume,Trai Hume,Sunderland,DEF,a,4.5,85,2399,0,1,8,31,0,6,7,0,0,0,0,300,386.6,269.8,178.0,82.5,3.2,2.9,3.2,3.2,0.3,False,55,80,112
508,N.Williams,Neco Williams,Nott'm Forest,DEF,a,4.7,84,2438,1,1,6,40,0,9,4,1,0,0,0,379,583.0,408.3,258.0,124.8,3.2,3.0,2.7,3.2,2.8,False,77,127,114
283,Mateta,Jean-Philippe Mateta,Crystal Palace,FWD,d,7.5,84,1904,8,0,8,23,0,9,2,0,0,0,0,281,411.8,119.7,664.0,119.4,0.0,3.7,0.0,0.0,6.5,False,8,51,51
166,Ayari,Yasin Ayari,Brighton,MID,a,4.8,83,1711,3,3,5,21,0,7,1,0,0,0,0,348,311.4,215.0,206.0,73.4,0.0,3.8,-0.8,0.0,0.4,False,43,112,47
113,Van den Berg,Sepp van den Berg,Brentford,DEF,a,4.5,83,2123,0,2,5,34,0,3,1,0,0,0,0,300,495.0,57.2,240.0,79.3,5.2,3.5,5.2,5.7,1.2,False,14,89,198
597,Richarlison,Richarlison de Andrade,Spurs,FWD,a,6.3,82,1346,8,3,5,20,0,10,5,0,0,0,0,373,423.2,173.0,533.0,112.7,1.8,3.4,1.8,1.3,5.4,False,15,40,47
469,Pope,Nick Pope,Newcastle,GKP,a,5.1,82,1966,0,1,7,32,67,3,1,0,0,0,0,336,505.8,0.0,35.0,54.1,1.2,3.7,0.7,0.7,4.5,False,1,204,32
505,Milenković,Nikola Milenković,Nott'm Forest,DEF,a,5.1,81,2610,0,0,6,43,0,1,6,0,0,0,1,272,513.8,38.6,104.0,65.9,2.8,2.8,2.3,2.8,3.1,False,20,81,214
676,Ugochukwu,Lesley Ugochukwu,Burnley,MID,a,5.0,81,1893,3,2,3,41,0,5,1,1,0,0,0,305,359.2,145.2,188.0,69.0,2.8,2.9,2.3,2.3,0.1,False,46,84,52
568,Pedro Porro,Pedro Porro Sauceda,Spurs,DEF,a,5.1,80,1983,0,3,7,29,0,4,6,0,0,0,0,348,445.0,554.1,94.0,109.5,0.2,3.2,0.2,-0.3,9.2,False,49,100,100
470,Dúbravka,Martin Dúbravka,Burnley,GKP,a,4.0,80,2610,0,0,3,58,106,7,1,0,0,0,0,357,808.4,0.0,0.0,81.0,1.2,2.8,0.7,0.7,32.2,False,1,230,53
343,Struijk,Pascal Struijk,Leeds,DEF,a,4.3,80,2258,0,1,4,40,0,3,3,0,0,0,0,293,556.8,130.0,218.0,90.5,1.5,3.1,1.5,1.5,0.5,False,28,95,203
107,Lewis-Potter,Keane Lewis-Potter,Brentford,DEF,a,4.8,79,1152,3,1,6,20,0,3,1,0,0,0,0,208,220.6,167.8,228.0,61.6,2.5,2.9,2.5,3.0,1.6,False,15,50,26
169,Gomez,Diego Gómez Amarilla,Brighton,MID,a,4.9,79,1748,5,0,6,24,0,9,7,0,0,0,0,324,398.2,290.4,359.0,104.9,4.6,3.0,3.6,4.6,0.2,False,68,82,36
50,Buendía,Emiliano Buendía Stati,Aston Villa,MID,a,5.3,79,1355,5,2,3,16,0,8,5,0,0,0,0,276,331.6,303.5,304.0,92.6,1.2,2.9,0.7,0.7,0.5,False,35,86,24
314,Leno,Bernd Leno,Fulham,GKP,a,4.9,79,2610,0,0,5,43,71,3,3,0,0,0,1,359,605.4,0.0,0.0,60.4,2.0,2.7,2.0,2.0,1.5,False,4,242,36
603,Diouf,El Hadji Malick Diouf,West Ham,DEF,a,4.0,79,1913,0,6,6,37,0,3,4,0,0,0,0,247,415.4,247.1,83.0,74.7,6.0,3.4,6.0,5.5,2.2,False,29,79,128
419,Grealish,Jack Grealish,Everton,MID,i,6.3,79,1627,2,6,7,23,0,12,3,1,0,0,0,356,374.2,520.5,397.0,129.2,0.0,4.0,0.0,0.0,5.8,False,20,88,27
110,Kayode,Michael Kayode,Brentford,DEF,a,4.5,78,2448,0,1,7,37,0,6,6,0,0,0,1,376,442.8,382.9,77.0,90.5,1.8,2.8,1.8,2.3,0.7,False,57,127,118
487,Barnes,Harvey Barnes,Newcastle,MID,a,6.1,78,1483,5,0,4,23,0,8,1,0,0,0,0,254,292.6,288.3,571.0,114.8,1.0,2.8,0.5,0.5,1.1,False,12,52,15
328,Sessegnon,Ryan Sessegnon,Fulham,MID,a,5.4,78,1605,2,3,4,29,0,5,0,0,0,0,0,269,340.8,197.1,187.0,72.2,2.8,3.5,2.8,2.8,0.2,False,40,61,87
485,Gordon,Anthony Gordon,Newcastle,MID,a,7.2,77,1550,4,4,6,29,0,4,3,1,0,0,0,276,308.8,383.9,448.0,113.7,4.0,3.3,3.5,3.5,2.9,False,15,47,14
403,Gvardiol,Joško Gvardiol,Man City,DEF,i,5.9,77,1301,2,2,6,13,0,5,2,0,0,0,0,291,354.6,104.7,193.0,65.3,0.0,4.8,0.0,0.0,3.3,False,17,48,82
386,Mac Allister,Alexis Mac Allister,Liverpool,MID,a,6.3,76,1996,2,2,7,28,0,5,4,0,0,0,0,364,367.4,384.2,273.0,102.5,5.8,2.7,6.8,6.3,2.1,False,43,80,49
148,F.Kadıoğlu,Ferdi Kadıoğlu,Brighton,DEF,a,4.4,76,2320,0,2,6,31,0,4,6,0,0,0,0,358,360.2,342.9,176.0,88.2,3.0,2.7,2.0,3.0,0.3,False,47,105,77
292,Mykolenko,Vitalii Mykolenko,Everton,DEF,a,4.9,76,2149,0,1,8,30,0,1,5,0,0,0,1,286,397.8,283.0,65.0,74.5,2.5,3.2,3.0,1.5,0.6,False,30,82,135
129,Yarmoliuk,Yehor Yarmoliuk,Brentford,MID,a,5.0,76,2014,1,2,5,33,0,0,7,0,0,0,0,331,332.0,217.7,110.0,65.9,1.0,2.6,1.0,1.5,0.1,False,52,142,59
582,Kudus,Mohammed Kudus,Spurs,MID,i,6.4,75,1535,2,6,7,20,0,7,3,0,0,0,0,257,333.4,413.8,302.0,104.7,0.0,3.9,0.0,0.0,9.4,False,29,95,9
77,Hill,James Hill,Bournemouth,DEF,a,4.2,75,1292,0,3,5,16,0,2,2,0,0,0,0,246,375.0,84.9,74.0,53.6,6.2,3.8,6.2,6.7,7.4,False,24,39,138
643,André,André Trindade da Costa Neto,Wolves,MID,a,5.2,75,2040,1,0,2,37,0,4,9,0,0,0,0,360,326.4,228.9,28.0,58.3,4.4,2.8,3.4,3.9,0.1,False,61,157,72
322,Tete,Kenny Tete,Fulham,DEF,a,4.5,75,1701,1,0,5,25,0,5,2,0,0,0,0,291,398.0,207.1,108.0,71.4,2.2,3.6,2.2,2.2,0.3,False,63,78,94
516,Hudson-Odoi,Callum Hudson-Odoi,Nott'm Forest,MID,a,5.7,74,1634,3,2,5,25,0,6,0,0,0,0,0,311,312.8,528.2,300.0,113.8,3.0,2.7,2.5,3.0,0.7,False,13,64,20
476,Burn,Dan Burn,Newcastle,DEF,a,5.0,74,1708,0,3,6,28,0,5,7,1,0,0,0,213,373.4,87.6,76.0,53.8,1.2,3.5,0.7,0.7,3.3,False,31,61,139
37,Digne,Lucas Digne,Aston Villa,DEF,a,4.5,74,1378,0,4,6,14,0,4,3,0,0,0,0,289,279.6,308.9,108.0,69.5,0.5,3.1,0.0,0.0,1.5,False,26,53,53
441,Dorgu,Patrick Dorgu,Man Utd,DEF,i,4.2,74,1329,3,3,3,20,0,8,5,0,0,0,0,261,402.4,354.1,262.0,101.9,0.0,3.4,0.0,0.0,3.3,False,47,72,48
310,Barry,Thierno Barry,Everton,FWD,a,5.7,74,1599,6,0,7,22,0,7,3,0,0,0,0,225,247.4,169.4,418.0,81.2,2.8,2.6,3.3,1.8,1.0,False,3,28,26
613,Souček,Tomáš Souček,West Ham,MID,a,5.7,73,1416,4,2,4,33,0,6,2,1,0,0,0,285,362.0,138.8,339.0,84.1,5.2,2.8,5.2,4.7,0.3,False,22,45,81
418,Doku,Jérémy Doku,Man City,MID,a,6.4,73,1192,1,7,5,13,0,9,0,0,0,0,0,312,304.4,568.0,381.0,125.2,0.2,3.5,0.7,0.7,2.3,False,16,57,10
330,Berge,Sander Berge,Fulham,MID,a,4.9,73,2422,0,2,5,41,0,3,4,0,0,0,1,424,382.8,280.0,75.0,74.1,3.0,2.5,3.0,3.0,0.1,False,48,113,81
100,Kroupi.Jr,Junior Kroupi,Bournemouth,FWD,a,4.7,72,1052,8,0,5,18,0,7,3,0,0,0,0,322,337.2,202.6,344.0,88.4,1.5,3.0,1.5,2.0,6.8,False,8,43,28
733,Lammens,Senne Lammens,Man Utd,GKP,a,5.0,72,2070,0,0,5,29,53,6,0,0,0,0,0,276,431.2,0.0,2.0,43.3,3.8,3.1,4.3,4.3,2.5,False,1,159,21
416,Bernardo,Bernardo Mota Veiga de Carvalho e Silva,Man City,MID,a,6.2,72,2168,1,4,9,23,0,1,8,0,0,0,0,385,365.0,566.8,202.0,113.5,2.6,2.5,3.1,3.1,0.6,False,32,110,49
633,H.Bueno,Hugo Bueno López,Wolves,DEF,a,4.3,72,1856,1,2,4,31,0,4,1,0,0,0,0,284,451.4,510.9,134.0,109.9,3.8,2.7,2.8,3.3,0.2,False,53,96,88
371,Kerkez,Milos Kerkez,Liverpool,DEF,a,5.6,72,1951,1,1,6,29,0,4,4,0,0,0,0,320,372.6,379.4,118.0,87.2,2.8,2.7,3.8,3.3,3.0,False,40,76,81
526,Igor Jesus,Igor Jesus Maciel da Cruz,Nott'm Forest,FWD,a,5.8,71,1662,2,4,6,31,0,6,0,0,0,0,0,226,209.6,155.8,495.0,83.7,3.2,2.5,2.7,3.2,1.2,False,18,37,24
491,Tonali,Sandro Tonali,Newcastle,MID,a,5.3,71,2037,0,2,7,31,0,2,3,0,0,0,0,391,336.6,433.5,165.0,93.8,2.8,2.4,2.3,2.3,1.1,False,29,123,59
636,S.Bueno,Santiago Ignacio Bueno,Wolves,DEF,a,4.4,71,1832,2,2,4,31,0,2,4,0,0,0,0,255,428.0,98.1,149.0,67.4,3.6,3.4,2.6,3.1,0.1,False,41,43,112
54,McGinn,John McGinn,Aston Villa,MID,i,5.3,71,1591,3,2,7,21,0,4,3,0,0,0,0,289,308.2,385.2,193.0,88.8,0.0,3.2,0.0,0.0,0.5,False,27,70,29
146,Dunk,Lewis Dunk,Brighton,DEF,a,4.5,70,2385,0,1,5,34,0,0,9,0,0,0,0,340,538.0,96.1,147.0,78.3,2.6,2.6,1.6,2.6,1.0,False,30,112,171
108,Ajer,Kristoffer Ajer,Brentford,DEF,a,4.4,70,1606,0,2,5,26,0,1,2,0,0,0,0,200,354.4,58.1,161.0,57.5,3.0,3.0,3.0,3.5,0.3,False,35,49,130
452,Amad,Amad Diallo,Man Utd,MID,a,6.2,70,1736,2,4,4,24,0,6,2,0,0,0,0,366,360.6,506.1,427.0,129.5,1.2,3.0,1.7,1.7,1.5,False,31,84,37
443,Shaw,Luke Shaw,Man Utd,DEF,a,4.5,70,2437,0,1,6,36,0,0,5,0,0,0,0,297,391.0,264.9,57.0,71.3,2.5,2.4,2.2,3.0,0.7,False,53,81,96
342,Bogle,Jayden Bogle,Leeds,DEF,a,4.4,70,2268,1,3,4,41,0,0,5,0,0,0,0,195,332.6,231.1,185.0,75.0,2.2,2.6,2.2,2.2,0.3,False,51,113,89
205,Cullen,Josh Cullen,Burnley,MID,i,4.9,70,1513,2,2,3,29,0,8,2,0,0,0,1,321,342.0,218.1,98.0,66.0,0.0,3.9,0.0,0.0,0.8,False,32,73,68
125,Janelt,Vitaly Janelt,Brentford,MID,i,4.9,70,1253,1,4,5,16,0,6,7,0,0,0,0,300,329.0,313.6,91.0,72.5,0.5,3.2,0.0,0.0,0.2,False,24,74,66
725,Hincapie,Piero Hincapié,Arsenal,DEF,a,5.1,70,1483,1,1,4,16,0,6,2,0,0,0,1,264,359.0,157.5,53.0,56.8,5.6,3.5,6.6,6.6,0.8,False,38,55,101
158,Georginio,Georginio Rutter,Brighton,MID,a,5.6,69,1592,2,4,6,17,0,2,2,0,0,0,1,232,263.6,291.5,368.0,92.2,1.2,2.9,0.2,1.2,0.3,False,26,53,35
612,L.Paquetá,Lucas Tolentino Coelho de Lima,West Ham,MID,u,5.9,69,1513,4,2,3,33,0,8,5,1,0,0,0,291,374.6,397.2,186.0,95.7,0.0,3.8,0.0,0.0,1.1,False,40,76,30
506,Murillo,Murillo Costa dos Santos,Nott'm Forest,DEF,a,5.2,69,1819,1,0,4,28,0,3,4,0,0,0,1,274,492.4,101.1,73.0,66.7,1.2,3.3,0.7,1.2,1.9,False,30,90,164
124,Henderson,Jordan Henderson,Brentford,MID,a,5.0,68,1634,1,3,5,24,0,5,4,0,0,0,0,306,299.2,320.4,43.0,66.2,1.8,2.5,1.8,2.3,0.3,False,23,83,50
521,Sangaré,Ibrahim Sangaré,Nott'm Forest,MID,a,4.9,68,1584,2,2,6,22,0,2,4,0,0,0,0,285,330.2,142.3,116.0,59.0,2.5,3.2,2.0,2.5,0.1,False,46,76,66
698,Okafor,Noah Okafor,Leeds,MID,d,5.5,67,1266,4,2,4,24,0,3,3,0,0,0,0,228,254.6,199.8,322.0,77.7,1.5,2.9,0.0,0.8,0.1,False,20,46,21
473,Hall,Lewis Hall,Newcastle,DEF,a,5.3,66,1569,1,2,3,30,0,4,2,0,0,0,0,267,427.4,271.8,131.0,83.0,2.8,3.0,2.3,2.3,2.4,False,45,99,93
722,Florentino,Florentino Ibrain Morris Luís,Burnley,MID,a,5.0,66,1651,0,2,2,37,0,0,4,0,0,0,0,286,343.4,173.2,44.0,56.3,0.8,2.8,0.3,0.3,0.0,False,74,85,88
318,Bassey,Calvin Bassey,Fulham,DEF,a,4.4,66,1722,1,1,3,32,0,6,5,0,0,0,0,217,418.4,101.1,79.0,60.1,2.5,3.1,2.5,2.5,0.5,False,41,82,112
22,Merino,Mikel Merino Zazón,Arsenal,MID,i,5.4,66,996,4,3,4,9,0,5,1,0,0,0,0,238,304.4,187.0,237.0,72.6,0.0,3.1,0.0,0.0,0.8,False,26,55,30
173,Wieffer,Mats Wieffer,Brighton,MID,a,4.9,65,1389,0,4,4,19,0,3,6,0,0,0,0,288,340.0,246.3,159.0,74.6,1.4,3.4,0.4,1.4,0.1,False,54,77,82
126,Jensen,Mathias Jensen,Brentford,MID,a,4.9,65,1465,2,2,6,21,0,0,3,0,0,0,0,316,273.4,394.7,153.0,82.0,2.2,2.4,2.2,2.7,0.1,False,26,72,34
712,Yeremy,Yéremy Pino Santos,Crystal Palace,MID,a,5.8,65,1706,2,1,7,20,0,3,4,0,0,0,0,265,271.0,573.4,318.0,116.0,1.2,2.5,1.2,1.2,0.2,False,30,81,24
553,Talbi,Chemsdine Talbi,Sunderland,MID,a,4.9,65,1146,3,2,6,10,0,5,0,0,0,0,0,193,178.2,171.7,160.0,50.5,0.8,3.1,0.8,0.8,0.2,False,8,48,15
59,Onana,Amadou Onana,Aston Villa,MID,a,4.8,64,1378,2,0,5,19,0,3,2,0,0,0,0,285,326.8,86.0,125.0,53.7,2.2,3.2,1.7,1.7,0.7,False,35,54,82
585,Bentancur,Rodrigo Bentancur,Spurs,MID,i,5.2,64,1407,1,1,5,21,0,3,5,0,0,0,0,269,268.6,159.7,85.0,51.6,0.0,3.2,0.0,0.0,0.2,False,37,101,69
502,Sels,Matz Sels,Nott'm Forest,GKP,a,4.6,64,1857,0,0,4,31,63,3,2,0,0,0,0,262,473.0,10.0,0.0,48.3,0.8,2.9,0.3,0.8,4.7,False,1,144,21
671,Wilson,Callum Wilson,West Ham,FWD,a,5.8,64,992,5,2,1,18,0,7,0,0,0,0,0,224,226.8,93.6,396.0,70.5,0.8,2.7,0.8,0.3,0.5,False,3,23,8
325,Smith Rowe,Emile Smith Rowe,Fulham,MID,a,5.6,64,1444,3,1,3,23,0,1,1,0,0,0,0,280,244.2,256.3,321.0,82.2,1.5,2.2,1.5,1.5,0.5,False,22,57,33
365,Nmecha,Lukas Nmecha,Leeds,FWD,a,5.0,63,753,6,1,2,18,0,8,0,0,1,0,0,220,252.2,80.7,331.0,66.5,3.5,2.7,3.5,3.5,0.6,False,6,20,12
717,Xavi,Xavi Simons,Spurs,MID,a,6.5,63,1533,1,4,3,33,0,5,4,1,0,0,0,281,279.4,462.7,202.0,94.5,1.2,2.7,1.2,0.7,1.1,False,30,82,24
713,A.Jimenez,Álex Jiménez Sánchez,Bournemouth,DEF,a,4.5,63,1855,1,2,5,33,0,2,8,0,0,0,0,238,331.0,212.1,169.0,71.2,4.2,2.5,4.2,4.7,0.3,False,52,97,65
730,Brobbey,Brian Brobbey,Sunderland,FWD,d,5.4,62,1193,5,1,4,17,0,8,3,0,0,0,0,224,236.4,95.8,264.0,58.2,0.8,2.8,0.0,0.6,0.7,False,7,31,12
606,Mavropanos,Konstantinos Mavropanos,West Ham,DEF,a,4.4,62,1722,0,0,3,33,0,0,2,0,0,0,1,182,432.4,25.2,155.0,61.2,2.8,2.8,2.8,2.3,0.1,False,25,67,178
442,Maguire,Harry Maguire,Man Utd,DEF,a,4.4,62,1032,1,1,5,12,0,3,2,0,0,0,0,204,223.2,25.7,104.0,35.5,3.0,3.9,2.6,3.5,1.7,False,10,38,73
490,Joelinton,Joelinton Cássio Apolinário de Lira,Newcastle,MID,a,5.9,62,1574,2,1,5,22,0,2,8,0,0,0,0,269,290.4,258.5,309.0,85.8,1.5,2.8,1.0,1.0,0.3,False,35,98,59
17,Ødegaard,Martin Ødegaard,Arsenal,MID,d,7.8,62,1070,1,6,4,11,0,5,0,0,0,0,0,252,259.6,434.7,144.0,83.7,1.0,3.1,1.5,1.5,1.6,False,17,51,13
302,Gana,Idrissa Gana Gueye,Everton,MID,a,5.4,62,1666,2,1,4,21,0,4,1,1,0,0,0,318,288.4,216.8,163.0,66.9,2.2,3.1,2.7,1.2,0.1,False,38,92,40
215,Flemming,Zian Flemming,Burnley,FWD,d,5.3,62,1005,7,0,2,19,0,6,3,0,0,0,0,231,289.4,79.7,332.0,69.2,4.2,3.1,3.7,2.8,0.4,False,7,20,28
610,Wan-Bissaka,Aaron Wan-Bissaka,West Ham,DEF,a,4.1,61,1731,0,3,3,36,0,0,3,0,0,0,0,193,389.6,288.0,28.0,70.9,3.8,3.0,3.8,3.3,4.6,False,25,59,129
58,Kamara,Boubacar Kamara,Aston Villa,MID,i,4.9,61,1410,1,3,5,15,0,7,5,0,0,0,0,282,325.0,241.3,75.0,64.2,0.0,3.4,0.0,0.0,0.2,False,38,65,46
489,J.Murphy,Jacob Murphy,Newcastle,MID,a,5.9,61,1134,3,1,6,13,0,2,1,0,0,0,0,245,252.8,318.3,297.0,85.9,2.2,2.5,1.7,1.7,0.6,False,9,34,14
654,Strand Larsen,Jørgen Strand Larsen,Crystal Palace,FWD,a,6.1,61,1806,4,1,5,31,0,3,4,0,1,0,0,183,242.2,163.8,384.0,77.8,4.4,2.3,4.4,4.4,2.1,False,7,27,41
347,Gudmundsson,Gabriel Gudmundsson,Leeds,DEF,a,3.8,61,2318,0,0,4,42,0,8,4,0,0,0,1,241,389.2,329.4,148.0,86.8,1.2,2.2,1.2,1.2,3.9,False,59,100,99
145,De Cuyper,Maxim De Cuyper,Brighton,DEF,a,4.3,60,1131,2,0,4,18,0,6,2,0,0,0,0,226,215.0,319.7,132.0,66.7,0.8,2.6,-0.2,0.8,1.7,False,18,56,32
693,Hutchinson,Omari Hutchinson,Nott'm Forest,MID,a,5.4,60,1153,1,5,4,17,0,3,0,0,0,0,0,237,244.8,401.6,275.0,91.9,1.8,2.7,1.3,1.8,0.1,False,17,60,13
697,Adli,Amine Adli,Bournemouth,MID,a,5.4,60,923,3,2,3,14,0,4,2,0,0,0,0,223,256.6,209.1,240.0,70.0,3.8,2.4,3.8,4.3,0.5,False,31,52,25
85,Adams,Tyler Adams,Bournemouth,MID,a,4.9,60,1412,2,1,6,24,0,3,7,0,0,0,0,279,304.2,95.0,105.0,50.7,2.5,3.3,2.5,3.0,0.3,False,40,76,66
191,Estève,Maxime Estève,Burnley,DEF,a,3.9,60,2239,0,0,2,54,0,0,0,0,0,0,2,201,540.6,89.0,84.0,71.5,1.5,2.3,1.0,1.0,7.8,False,30,85,214
560,Isidor,Wilson Isidor,Sunderland,FWD,a,5.1,60,1056,4,1,4,15,0,7,1,0,0,0,0,193,168.8,24.2,384.0,57.6,1.8,2.3,1.8,1.8,1.4,False,9,19,16
709,Krejčí,Ladislav Krejcí,Wolves,DEF,a,4.5,59,1947,2,1,3,36,0,0,2,1,0,0,1,201,447.4,115.0,206.0,77.1,2.4,2.6,1.4,1.9,0.1,False,23,61,140
593,P.M.Sarr,Pape Matar Sarr,Spurs,MID,a,4.5,59,1140,2,3,3,18,0,2,2,0,0,0,0,250,280.6,115.2,142.0,54.0,3.5,3.0,3.5,3.0,1.1,False,28,62,64
311,Beto,Norberto Bercique Gomes Betuncal,Everton,FWD,a,5.0,58,1047,4,0,3,14,0,6,2,0,0,0,0,173,221.6,88.1,404.0,69.8,3.0,2.0,3.5,2.0,2.5,False,12,23,32
552,Sadiki,Noah Sadiki,Sunderland,MID,a,4.9,58,2114,0,1,7,28,0,0,6,0,0,0,0,299,255.8,201.9,65.0,52.4,2.0,2.4,2.0,2.0,0.1,False,35,77,74
497,L.Miley,Lewis Miley,Newcastle,MID,d,4.4,58,1133,1,3,2,16,0,4,0,0,0,0,0,271,275.0,214.3,132.0,62.1,0.0,3.1,0.0,-0.2,2.2,False,24,57,42
628,José Sá,José Malheiro de Sá,Wolves,GKP,a,4.2,56,1620,0,0,4,28,49,6,1,0,0,0,0,249,400.8,10.0,0.0,41.4,5.2,3.1,4.2,4.7,1.3,False,0,164,37
53,Malen,Donyell Malen,Aston Villa,MID,u,5.1,55,640,4,2,1,10,0,3,0,0,0,0,0,161,183.4,99.7,290.0,56.3,0.0,2.6,0.0,0.0,0.4,False,4,10,2
423,N.Gonzalez,Nico González Iglesias,Man City,MID,a,5.9,55,1370,1,0,7,14,0,1,6,0,0,0,0,289,278.6,185.6,64.0,52.8,0.0,2.6,0.5,0.5,0.1,False,36,79,67
238,Estêvão,Estêvão Almeida de Oliveira Gonçalves,Chelsea,MID,d,6.4,55,738,2,5,4,8,0,4,3,0,0,0,0,169,177.2,218.3,283.0,67.7,0.8,2.9,0.3,0.7,1.8,False,10,33,8
187,Walker,Kyle Walker,Burnley,DEF,a,4.4,55,2371,0,2,3,51,0,3,8,0,0,0,0,165,391.4,162.8,22.0,57.9,1.2,2.0,0.7,0.7,1.1,False,40,121,123
573,Spence,Djed Spence,Spurs,DEF,a,4.2,55,1686,0,0,7,27,0,1,4,0,0,0,0,209,233.2,190.1,153.0,57.5,0.0,2.5,0.0,-0.5,0.9,False,31,95,58
475,Botman,Sven Botman,Newcastle,DEF,a,4.9,54,1061,1,1,4,17,0,4,1,0,0,0,1,209,325.8,49.7,132.0,50.8,0.8,3.4,0.3,0.3,0.4,False,9,61,96
720,Tolu,Tolu Arokodare,Wolves,FWD,a,5.4,54,1215,2,2,3,25,0,4,1,0,1,0,0,173,188.8,160.8,434.0,77.6,1.8,2.1,0.8,1.3,0.2,False,6,23,39
304,Iroegbunam,Tim Iroegbunam,Everton,MID,a,4.8,53,1015,0,3,7,10,0,1,8,0,0,0,0,168,168.6,81.2,48.0,29.6,0.8,2.5,1.3,-0.2,0.0,False,46,59,29
591,Gray,Archie Gray,Spurs,MID,a,4.8,53,1197,2,2,5,23,0,6,5,0,0,0,0,204,233.4,110.9,134.0,47.8,5.2,2.8,5.2,4.7,0.2,False,9,44,56
356,Gruev,Ilia Gruev,Leeds,MID,a,4.7,53,1245,0,4,5,23,0,3,3,0,0,0,0,236,188.4,167.8,63.0,41.7,2.0,2.6,2.0,2.0,0.1,False,22,49,36
421,Rodrigo,Rodrigo 'Rodri' Hernandez Cascante,Man City,MID,a,6.3,53,1153,1,0,4,12,0,5,2,0,0,0,0,274,284.0,325.2,92.0,70.2,5.0,3.1,5.5,5.5,0.5,False,34,82,44
109,Henry,Rico Henry,Brentford,DEF,d,4.3,52,1322,0,2,4,22,0,0,2,0,0,0,0,144,151.6,82.0,35.0,26.9,2.0,2.1,2.0,0.6,0.2,False,15,72,53
271,Kamada,Daichi Kamada,Crystal Palace,MID,a,5.0,52,1469,0,2,6,17,0,0,2,0,0,0,0,250,177.2,243.2,136.0,55.8,1.4,2.7,1.4,1.4,0.1,False,48,82,29
584,Tel,Mathys Tel,Spurs,MID,a,6.2,52,751,3,1,1,16,0,5,0,0,0,0,0,167,170.4,223.9,226.0,62.3,1.2,2.4,1.2,0.7,0.1,False,11,45,6
749,Mané,Mateus Mané,Wolves,FWD,a,4.5,52,1235,2,2,5,18,0,6,0,0,0,0,0,207,216.4,223.4,198.0,63.5,2.0,2.7,1.0,1.5,2.2,False,16,51,27
48,Tielemans,Youri Tielemans,Aston Villa,MID,i,5.9,52,1295,0,4,4,17,0,3,0,0,0,0,0,289,317.2,401.3,147.0,86.6,0.0,3.1,0.0,0.0,0.6,False,38,67,33
18,Madueke,Noni Madueke,Arsenal,MID,a,6.8,51,829,2,1,5,7,0,6,0,0,0,0,0,174,182.2,242.3,284.0,70.8,2.8,2.7,3.8,3.8,1.0,False,15,20,11
474,Schär,Fabian Schär,Newcastle,DEF,i,5.2,51,1089,0,0,4,13,0,0,1,0,0,0,0,186,291.2,63.6,108.0,46.4,0.0,3.2,0.0,0.0,1.2,False,14,42,101
600,Areola,Alphonse Areola,West Ham,GKP,a,4.3,51,1800,0,1,0,37,77,2,0,0,0,0,0,220,570.4,10.0,0.0,57.9,0.0,2.5,0.0,-0.5,2.0,False,0,142,30
541,Reinildo,Reinildo Mandava,Sunderland,DEF,d,3.8,51,1427,0,2,4,20,0,5,6,1,0,0,0,181,285.4,94.0,37.0,41.8,0.2,3.0,0.0,0.1,2.9,False,27,67,95
272,Lerma,Jefferson Lerma Solís,Crystal Palace,MID,a,4.9,51,1156,0,4,5,15,0,3,6,0,0,0,1,205,215.6,152.9,174.0,54.3,1.2,2.2,0.0,1.2,0.1,False,18,65,64
580,Johnson,Brennan Johnson,Crystal Palace,MID,a,6.5,51,1145,2,1,4,13,0,2,4,0,0,0,0,174,184.8,192.5,189.0,56.3,1.6,2.0,1.6,1.6,2.4,False,18,32,23
727,Chukwueze,Samuel Chukwueze,Fulham,MID,a,5.3,50,743,3,4,1,16,0,1,0,0,0,0,0,209,247.6,254.1,202.0,70.5,1.0,3.3,1.0,1.0,0.1,False,6,39,15
41,Pau,Pau Torres,Aston Villa,DEF,a,4.3,50,1296,0,1,4,15,0,2,0,0,0,0,1,225,251.8,37.8,55.0,34.7,0.2,3.1,-0.3,-0.3,0.3,False,18,66,76
634,Mosquera,Yerson Mosquera Valdelamar,Wolves,DEF,a,4.3,50,1617,0,0,4,29,0,3,10,0,0,0,2,190,325.8,114.1,207.0,64.7,4.6,2.4,3.6,4.1,0.1,False,48,73,113
163,Hinshelwood,Jack Hinshelwood,Brighton,MID,a,5.1,50,1001,1,4,2,16,0,2,0,0,0,0,1,179,158.0,115.0,166.0,43.5,2.8,2.8,1.8,2.8,0.0,False,12,44,28
230,Fofana,Wesley Fofana,Chelsea,DEF,a,4.4,50,1101,0,1,4,12,0,3,2,1,0,0,0,238,325.8,46.9,34.0,40.6,0.5,2.9,1.0,1.0,0.3,False,15,58,120
157,Mitoma,Mitoma Kaoru,Brighton,MID,d,6.1,50,1408,2,1,4,16,0,2,3,0,0,0,0,184,222.2,362.3,305.0,88.6,2.0,2.6,1.0,1.5,1.9,False,12,47,21
695,Tchatchoua,Jackson Tchatchoua,Wolves,DEF,a,4.4,50,1605,0,1,3,29,0,0,3,0,0,0,0,152,287.8,278.5,42.0,60.9,2.8,1.9,1.8,2.3,0.0,False,27,57,71
332,Lukić,Saša Lukić,Fulham,MID,a,4.9,50,1208,1,3,4,17,0,3,6,0,0,0,0,225,232.0,338.7,119.0,68.9,0.0,2.6,0.0,0.0,0.1,False,35,49,43
477,Livramento,Tino Livramento,Newcastle,DEF,a,4.9,49,1048,0,1,5,10,0,3,1,0,0,0,0,218,190.8,178.1,36.0,40.5,0.0,3.8,-0.1,-0.5,1.8,False,19,68,39
207,Hannibal,Hannibal Mejbri,Burnley,MID,a,4.7,49,874,1,4,1,22,0,4,6,0,0,0,0,211,191.4,209.4,85.0,48.6,5.8,2.3,5.3,5.3,0.2,False,23,49,12
706,Justin,James Justin,Leeds,DEF,a,3.9,49,1083,1,1,2,18,0,6,2,0,0,0,0,168,265.4,110.1,123.0,50.0,1.5,2.5,1.1,1.5,1.0,False,27,41,73
453,Garnacho,Alejandro Garnacho Ferreyra,Chelsea,MID,a,6.4,49,983,1,4,4,13,0,3,1,0,0,0,0,185,183.4,319.3,318.0,81.1,1.8,2.7,2.3,2.3,0.5,False,12,36,7
217,Foster,Lyle Foster,Burnley,FWD,a,4.9,48,1154,3,1,3,25,0,4,4,0,0,0,0,178,187.6,129.2,206.0,51.7,0.8,2.3,0.3,0.3,0.8,False,12,34,23
478,Trippier,Kieran Trippier,Newcastle,DEF,a,4.9,48,1392,0,1,5,24,0,2,3,0,0,0,0,202,261.4,430.7,12.0,70.3,2.2,2.8,1.7,1.7,1.4,False,22,65,54
209,Laurent,Josh Laurent,Burnley,MID,a,4.8,48,1399,1,0,1,34,0,1,6,0,0,0,0,212,262.4,164.2,92.0,52.0,1.2,1.8,0.7,0.7,0.0,False,35,49,66
344,Bijol,Jaka Bijol,Leeds,DEF,a,3.9,48,1126,1,2,1,21,0,2,2,0,0,0,0,155,293.2,38.8,195.0,52.6,1.2,3.0,1.2,1.2,0.4,False,15,43,100
388,C.Jones,Curtis Jones,Liverpool,MID,a,5.4,47,1234,0,2,3,23,0,1,1,0,0,0,0,275,228.8,327.2,160.0,71.5,1.2,1.9,2.2,1.7,0.1,False,25,88,23
669,Ndoye,Dan Ndoye,Nott'm Forest,MID,a,5.5,47,1111,1,2,2,17,0,4,1,0,0,0,0,168,165.0,216.0,178.0,56.1,0.8,2.2,0.3,0.8,0.7,False,22,49,23
444,Yoro,Leny Yoro,Man Utd,DEF,a,4.1,46,1426,0,1,2,27,0,1,0,0,0,0,0,159,263.2,68.8,90.0,42.1,2.5,1.8,3.0,3.0,1.3,False,25,61,93
455,Mount,Mason Mount,Man Utd,MID,d,5.9,46,812,3,0,3,14,0,3,0,0,0,0,0,164,162.4,198.5,158.0,51.9,0.0,2.7,0.0,0.2,0.3,False,14,41,7
86,Brooks,David Brooks,Bournemouth,MID,a,5.0,46,1014,1,2,4,18,0,4,7,0,0,0,0,180,200.4,323.0,391.0,90.0,0.5,2.0,0.5,1.0,0.2,False,15,48,16
192,Hartman,Quilindschy Hartman,Burnley,DEF,a,4.0,46,1337,0,5,2,28,0,0,1,0,0,0,0,170,305.4,228.9,57.0,59.2,0.0,3.1,-0.5,-0.5,0.6,False,31,49,73
588,Odobert,Wilson Odobert,Spurs,MID,i,5.3,46,972,0,2,2,13,0,6,0,0,0,0,0,176,158.8,284.3,234.0,67.6,0.2,1.9,0.0,0.0,0.0,False,10,53,14
685,Diakité,Bafodé Diakité,Bournemouth,DEF,a,4.2,46,1275,0,0,4,27,0,2,1,0,0,0,0,164,267.0,54.3,22.0,34.4,0.0,2.6,0.0,0.5,0.3,False,20,48,97
370,Frimpong,Jeremie Frimpong,Liverpool,DEF,a,5.7,45,622,0,5,3,7,0,1,0,0,0,0,0,182,93.0,155.8,113.0,36.3,2.2,3.5,3.2,2.7,4.8,False,6,33,13
663,J.Arias,Jhon Arias,Wolves,MID,u,4.9,45,1117,1,0,2,21,0,2,1,0,0,0,0,175,171.0,204.0,148.0,52.1,0.0,2.0,0.0,0.0,0.1,False,43,58,24
190,Ekdal,Hjalmar Ekdal,Burnley,DEF,a,3.8,44,1179,0,0,2,24,0,2,0,0,0,0,0,121,273.8,43.1,78.0,39.5,0.0,2.9,-0.5,-0.5,0.8,False,19,31,113
544,Diarra,Habib Diarra,Sunderland,MID,a,5.3,44,925,2,3,4,9,0,3,4,0,0,0,0,137,110.2,67.4,155.0,32.6,4.0,3.7,4.0,4.0,0.1,False,10,29,16
642,Hee Chan,Hwang Hee-chan,Wolves,MID,a,5.6,44,1144,2,1,2,22,0,0,3,0,0,0,0,125,132.2,152.8,145.0,42.4,0.0,2.2,-1.0,-0.5,0.1,False,8,38,22
493,Longstaff,Sean Longstaff,Leeds,MID,a,4.8,44,943,1,2,1,19,0,4,2,0,0,0,0,234,240.2,357.3,71.0,66.8,0.2,2.6,0.2,0.2,0.2,False,37,38,25
731,Kevin,Kevin Santos Lopes de Macedo,Fulham,MID,i,5.8,43,898,1,2,4,15,0,0,1,0,0,0,0,158,200.8,231.6,206.0,63.6,0.5,1.9,0.0,0.0,0.1,False,19,40,16
436,De Ligt,Matthijs de Ligt,Man Utd,DEF,i,4.9,43,1170,1,0,1,20,0,5,0,0,0,0,0,169,276.6,60.2,122.0,45.7,0.0,3.3,0.0,0.0,1.8,False,19,40,88
206,Edwards,Marcus Edwards,Burnley,MID,d,4.7,43,867,1,3,1,15,0,2,0,0,0,0,0,155,162.8,243.6,190.0,59.5,1.8,2.5,1.0,1.0,0.1,False,8,37,6
402,Aït-Nouri,Rayan Aït-Nouri,Man City,DEF,a,5.7,43,719,0,2,3,7,0,7,2,0,0,0,0,168,150.6,122.9,48.0,32.1,5.6,3.6,6.1,6.1,4.5,False,25,33,29
665,Perri,Lucas Estella Perri,Leeds,GKP,a,4.5,43,1440,0,0,3,29,38,3,2,0,0,0,0,153,322.4,0.0,0.0,32.2,0.0,2.7,0.0,0.0,0.2,False,0,100,16
358,Tanaka,Tanaka Ao,Leeds,MID,a,4.8,43,737,2,0,2,16,0,2,1,0,0,0,0,166,140.0,127.1,78.0,34.5,0.0,2.1,0.0,0.0,0.2,False,17,46,20
19,Martinelli,Gabriel Martinelli Silva,Arsenal,MID,a,6.8,43,810,1,3,2,5,0,1,2,0,0,0,0,144,147.2,128.8,320.0,58.9,1.2,1.8,2.2,2.2,0.9,False,10,41,11
375,Bradley,Conor Bradley,Liverpool,DEF,i,4.9,42,928,0,2,4,13,0,2,5,0,0,0,0,157,157.4,105.2,62.0,32.3,0.0,2.8,0.0,0.0,0.1,False,19,43,46
335,King,Josh King,Fulham,MID,a,4.4,41,984,0,2,4,15,0,0,3,0,0,0,0,138,109.6,118.8,226.0,44.6,1.2,1.8,1.2,1.2,1.8,False,19,45,16
40,Mings,Tyrone Mings,Aston Villa,DEF,a,4.3,41,872,0,1,3,12,0,4,0,0,0,0,0,148,198.6,69.7,55.0,32.4,3.5,3.4,3.0,3.0,0.7,False,4,25,65
724,Geertruida,Lutsharel Geertruida,Sunderland,DEF,a,4.5,41,1231,0,0,2,19,0,0,0,0,0,0,0,172,207.2,106.9,46.0,36.0,1.8,1.8,1.8,1.8,0.1,False,31,52,57
679,Hermansen,Mads Hermansen,West Ham,GKP,a,4.2,40,810,0,0,4,17,28,8,0,0,0,0,0,138,212.2,0.0,0.0,21.2,5.2,4.4,5.2,4.7,0.4,False,0,88,14
300,McNeil,Dwight McNeil,Everton,MID,a,5.5,40,781,0,3,4,5,0,1,1,0,0,0,0,141,104.2,148.8,100.0,35.4,2.8,2.5,3.3,1.8,0.2,False,16,45,16
609,Todibo,Jean-Clair Todibo,West Ham,DEF,a,4.3,40,1611,0,1,1,33,0,1,4,1,0,0,0,144,351.6,64.7,24.0,44.1,2.2,2.1,2.2,1.7,0.1,False,34,80,114
167,Baleba,Carlos Baleba,Brighton,MID,a,4.5,40,1261,0,0,4,17,0,0,5,0,0,0,0,152,99.4,92.8,29.0,22.1,1.2,1.7,0.2,1.2,1.5,False,28,74,50
81,Kluivert,Justin Kluivert,Bournemouth,MID,i,6.9,40,914,2,0,4,18,0,3,4,0,0,0,0,147,146.6,304.1,128.0,57.8,0.0,2.2,0.0,0.0,0.6,False,10,44,8
39,Maatsen,Ian Maatsen,Aston Villa,DEF,a,4.2,39,1243,0,0,2,20,0,0,2,0,0,0,0,199,258.2,299.0,186.0,74.5,2.8,1.7,2.3,2.3,0.6,False,36,73,65
586,Bergvall,Lucas Bergvall,Spurs,MID,i,5.2,39,799,1,2,3,13,0,0,2,0,0,0,0,139,137.4,81.4,133.0,35.3,0.0,2.3,0.0,0.0,0.2,False,20,34,14
677,Guessand,Evann Guessand,Crystal Palace,MID,a,6.2,39,790,1,3,1,15,0,0,0,0,0,0,0,132,154.8,72.9,167.0,39.1,2.8,2.2,2.8,2.8,0.1,False,24,41,12
486,Elanga,Anthony Elanga,Newcastle,MID,a,6.5,39,1131,0,1,2,25,0,0,0,0,0,0,0,152,122.2,256.5,161.0,54.0,1.8,1.6,1.3,1.3,2.6,False,12,28,7
321,J.Cuenca,Jorge Cuenca Barreno,Fulham,DEF,a,4.3,39,931,0,0,2,11,0,1,5,0,0,0,0,155,244.6,47.1,14.0,30.7,0.5,2.8,0.5,0.5,0.1,False,16,40,98
718,S.Magassa,Soungoutou Magassa,West Ham,MID,a,5.0,39,931,1,0,2,23,0,2,3,0,0,0,0,177,174.4,82.7,44.0,30.1,1.5,2.2,1.5,1.0,0.0,False,38,50,32
437,Martinez,Lisandro Martínez,Man Utd,DEF,d,4.8,39,904,0,0,3,11,0,3,0,0,0,0,1,165,220.2,78.3,10.0,31.0,0.5,2.8,0.0,0.5,0.6,False,12,52,63
458,Mainoo,Kobbie Mainoo,Man Utd,MID,a,4.6,39,933,0,2,3,14,0,0,0,0,0,0,0,185,199.0,254.4,55.0,50.9,2.2,1.9,2.7,2.7,1.3,False,22,50,25
270,Hughes,Will Hughes,Crystal Palace,MID,a,4.7,39,1231,0,1,5,13,0,0,6,0,0,0,0,187,162.2,285.8,86.0,53.5,1.0,1.5,1.0,1.0,0.1,False,24,54,43
716,Savona,Nicolò Savona,Nott'm Forest,DEF,i,4.5,39,1025,2,0,3,18,0,0,2,0,0,0,0,131,216.6,123.2,94.0,43.5,0.0,2.8,0.0,0.0,0.1,False,20,27,37
648,Munetsi,Marshall Munetsi,Wolves,MID,u,5.3,38,872,1,2,0,19,0,1,2,0,0,0,0,131,163.6,61.8,196.0,42.1,0.0,2.9,0.0,0.0,0.0,False,21,20,39
88,Cook,Lewis Cook,Bournemouth,MID,i,4.9,38,870,0,1,1,18,0,0,1,1,0,0,0,184,206.0,183.3,12.0,40.4,0.2,2.4,0.0,0.0,0.0,False,25,62,56
210,Tchaouna,Loum Tchaouna,Burnley,MID,a,4.9,38,843,1,1,2,14,0,0,1,0,0,0,0,128,99.4,109.3,101.0,31.1,0.8,1.7,0.3,0.3,0.0,False,14,23,11
507,Aina,Ola Aina,Nott'm Forest,DEF,a,4.7,38,1139,0,1,3,17,0,3,3,0,0,0,0,147,195.4,127.5,54.0,37.8,2.5,2.9,2.0,2.5,2.3,False,16,64,70
680,Broja,Armando Broja,Burnley,FWD,d,5.2,38,805,1,1,1,25,0,2,0,0,0,0,0,105,96.2,62.2,203.0,35.8,0.0,2.0,0.0,-0.2,0.2,False,6,24,11
413,Marmoush,Omar Marmoush,Man City,MID,a,8.3,37,507,1,2,3,4,0,4,1,0,0,0,0,112,118.2,134.4,220.0,46.9,2.0,2.3,2.5,2.5,2.6,False,11,13,6
561,Mayenda,Eliezer Mayenda Dossou,Sunderland,FWD,a,5.2,37,737,2,0,3,9,0,5,0,0,0,0,0,117,115.6,53.5,188.0,35.3,2.8,2.2,2.8,2.8,0.5,False,5,14,7
723,Canvot,Jaydee Canvot,Crystal Palace,DEF,a,4.5,37,622,0,0,3,9,0,4,2,0,0,0,0,114,164.4,24.8,28.0,21.6,2.0,3.1,2.0,2.0,0.0,False,22,24,57
466,Zirkzee,Joshua Zirkzee,Man Utd,FWD,a,5.8,37,509,2,1,1,8,0,6,1,0,0,0,0,130,152.8,161.8,195.0,50.6,0.8,2.1,1.3,1.3,0.4,False,8,18,11
726,Kolo Muani,Randal Kolo Muani,Spurs,FWD,a,6.9,37,1185,1,0,3,25,0,1,2,0,0,0,0,107,124.4,197.5,200.0,51.5,2.5,1.8,2.5,2.0,0.4,False,21,44,18
202,Bruun Larsen,Jacob Bruun Larsen,Burnley,MID,a,5.3,36,961,0,1,3,26,0,0,0,0,0,0,0,107,114.4,189.7,128.0,43.2,0.8,1.6,0.3,0.3,0.0,False,12,29,20
250,Delap,Liam Delap,Chelsea,FWD,a,6.2,36,727,1,2,2,13,0,1,2,0,0,0,0,110,58.8,54.8,287.0,39.1,1.0,1.8,1.5,1.5,0.9,False,2,17,7
605,Kilman,Maximilian Kilman,West Ham,DEF,a,4.1,36,1559,0,0,1,37,0,0,4,0,0,0,0,80,392.4,55.8,60.0,50.9,0.0,1.7,0.0,-0.5,0.1,False,16,43,144
519,Dominguez,Nicolás Domínguez,Nott'm Forest,MID,a,5.0,36,886,1,0,3,18,0,3,2,0,0,0,0,157,182.6,153.5,119.0,45.6,0.8,2.0,0.3,0.8,0.0,False,38,40,19
511,Morato,Felipe Rodrigues da Silva,Nott'm Forest,DEF,a,4.3,35,938,0,0,2,17,0,1,4,0,0,0,0,145,233.8,20.8,59.0,31.4,2.2,2.3,1.7,2.2,0.1,False,24,46,78
162,Gruda,Brajan Gruda,Brighton,MID,u,5.4,35,708,1,1,2,11,0,2,2,0,0,0,0,114,134.4,217.1,152.0,50.0,0.0,1.9,0.0,0.0,0.0,False,14,40,4
316,Robinson,Antonee Robinson,Fulham,DEF,a,4.9,34,891,0,0,2,11,0,4,1,0,0,0,0,153,217.2,249.5,34.0,50.1,0.2,2.6,0.2,0.2,0.7,False,26,53,51
635,R.Gomes,Rodrigo Martins Gomes,Wolves,DEF,a,4.4,34,596,3,0,0,11,0,0,0,0,0,0,0,85,169.2,62.9,176.0,41.0,3.2,2.4,2.2,2.7,0.1,False,16,21,19
644,Bellegarde,Jean-Ricner Bellegarde,Wolves,MID,a,5.1,34,1006,1,0,3,24,0,0,4,0,0,0,0,162,152.4,154.2,138.0,44.1,1.4,1.6,0.4,0.9,0.0,False,25,34,27
623,Potts,Freddie Potts,West Ham,MID,a,4.4,34,1094,0,1,1,23,0,0,1,0,0,0,0,206,179.6,129.9,37.0,34.7,0.8,1.8,0.0,0.3,0.6,False,27,38,47
543,Adingra,Simon Adingra,Sunderland,MID,u,4.9,34,649,1,1,4,8,0,3,2,0,0,0,0,81,81.4,116.8,75.0,27.0,0.0,2.4,0.0,0.0,0.3,False,11,21,13
52,J.Ramsey,Jacob Ramsey,Newcastle,MID,a,5.3,34,894,2,1,0,22,0,1,3,1,0,0,0,168,181.6,194.0,122.0,49.8,4.2,1.8,3.7,3.7,0.2,False,25,55,13
372,Robertson,Andrew Robertson,Liverpool,DEF,a,5.7,34,660,0,0,3,10,0,4,0,0,0,0,0,142,143.0,236.1,61.0,44.2,1.8,2.0,2.8,2.3,1.0,False,10,29,24
152,Veltman,Joël Veltman,Brighton,DEF,a,4.3,34,840,1,0,1,12,0,1,4,0,0,0,0,130,219.8,71.5,63.0,35.5,0.8,2.0,-0.2,0.8,0.1,False,28,34,60
44,Bogarde,Lamare Bogarde,Aston Villa,DEF,a,4.0,33,707,0,0,2,10,0,4,5,0,0,0,0,105,94.8,46.8,10.0,15.1,2.0,1.4,1.5,1.5,0.5,False,17,26,23
193,Humphreys,Bashir Humphreys,Burnley,DEF,a,3.9,33,1059,0,2,1,24,0,1,5,0,0,0,0,139,251.6,86.2,46.0,38.2,1.8,2.5,1.3,1.3,0.1,False,23,39,76
116,Hickey,Aaron Hickey,Brentford,DEF,i,4.0,33,588,0,0,2,8,0,0,1,0,0,0,0,94,82.6,16.2,42.0,13.9,0.5,1.8,0.0,0.0,0.4,False,12,33,30
232,Tosin,Tosin Adarabioyo,Chelsea,DEF,a,4.0,33,731,0,0,2,12,0,2,2,0,0,0,0,122,226.2,32.0,19.0,27.8,0.8,2.4,1.3,1.3,0.3,False,13,18,79
385,Chiesa,Federico Chiesa,Liverpool,MID,d,6.3,33,263,2,1,0,7,0,0,2,0,0,0,0,122,117.8,36.6,138.0,29.2,0.8,1.6,1.8,1.0,0.3,False,8,6,13
233,Acheampong,Josh Acheampong,Chelsea,DEF,a,3.7,33,567,1,0,2,12,0,5,1,0,0,0,0,98,125.2,39.2,66.0,23.1,0.2,2.8,0.7,0.7,1.7,False,9,23,31
783,Groß,Pascal Groß,Brighton,MID,a,5.5,33,826,1,1,2,7,0,4,2,0,0,0,0,179,197.2,316.3,102.0,61.5,2.8,3.3,1.8,2.8,0.1,False,15,36,22
406,Khusanov,Abdukodir Khusanov,Man City,DEF,a,5.4,33,797,0,0,3,7,0,0,2,0,0,0,0,159,153.4,35.5,4.0,19.4,1.8,2.4,2.3,2.3,0.4,False,21,40,52
459,Ugarte,Manuel Ugarte Ribeiro,Man Utd,MID,a,4.7,32,777,0,0,1,21,0,0,1,0,0,0,0,157,134.6,64.8,38.0,23.6,0.2,1.7,0.7,0.7,0.1,False,43,49,35
659,Walker-Peters,Kyle Walker-Peters,West Ham,DEF,a,4.2,32,954,1,0,1,22,0,0,2,0,0,0,0,118,203.2,88.2,98.0,39.0,0.2,1.8,0.2,-0.3,0.2,False,34,41,38
570,Danso,Kevin Danso,Spurs,DEF,a,4.2,31,749,0,0,2,15,0,1,4,0,0,0,0,119,220.8,10.4,33.0,26.5,1.0,2.1,1.0,0.5,0.1,False,16,31,88
246,Andrey Santos,Andrey Nascimento dos Santos,Chelsea,MID,a,4.5,31,964,0,0,1,12,0,0,4,0,0,0,0,171,150.4,125.9,61.0,33.7,1.8,1.4,2.3,2.3,0.3,False,27,38,39
596,Solanke,Dominic Solanke-Mitchell,Spurs,FWD,a,7.2,31,598,3,0,0,14,0,4,1,0,0,0,0,142,158.8,62.2,212.0,43.2,3.0,3.1,3.0,2.5,1.2,False,15,12,11
341,Darlow,Karl Darlow,Leeds,GKP,a,3.9,30,1170,0,0,1,19,34,0,1,0,0,0,0,149,290.8,0.0,0.0,29.3,2.0,2.3,2.0,2.0,2.5,False,0,118,18
500,Osula,William Osula,Newcastle,FWD,a,5.4,30,267,2,1,1,6,0,2,0,0,0,0,0,107,77.4,16.1,87.0,17.8,2.5,1.9,2.0,2.0,0.2,False,2,10,1
735,Traoré,Bertrand Traoré,Sunderland,MID,d,5.5,30,634,1,1,3,9,0,1,1,0,0,0,0,118,115.6,108.4,135.0,35.9,0.5,2.5,0.5,0.1,0.0,False,11,18,11
11,White,Benjamin White,Arsenal,DEF,i,5.1,30,409,0,1,3,4,0,3,0,0,0,0,0,112,111.4,92.7,46.0,25.0,0.0,4.3,0.0,0.0,0.5,False,13,18,23
319,Castagne,Timothy Castagne,Fulham,DEF,a,4.3,30,1126,0,1,0,23,0,0,3,0,0,0,0,130,226.8,131.5,111.0,47.1,0.5,1.4,0.5,0.5,0.1,False,23,34,76
73,Smith,Adam Smith,Bournemouth,DEF,a,4.4,30,727,0,1,3,15,0,0,2,0,0,0,0,86,82.8,32.3,18.0,13.3,0.5,1.9,0.5,1.0,0.2,False,7,18,34
181,Kostoulas,Charalampos Kostoulas,Brighton,FWD,a,4.8,30,292,2,1,1,7,0,3,2,0,0,0,0,117,129.6,80.0,192.0,40.1,0.6,1.9,-0.4,0.6,0.3,False,11,22,5
170,Milner,James Milner,Brighton,MID,a,4.9,29,549,1,1,1,13,0,0,2,0,0,0,0,125,116.4,128.4,54.0,29.7,1.4,1.7,0.4,1.4,0.1,False,10,30,16
276,Devenny,Justin Devenny,Crystal Palace,MID,a,4.3,29,593,1,0,1,10,0,0,0,0,0,0,0,81,86.6,94.5,164.0,34.5,0.0,1.6,0.0,0.0,1.3,False,16,24,8
499,Isak,Alexander Isak,Liverpool,FWD,i,10.3,29,501,2,1,1,7,0,2,0,0,0,0,0,96,97.6,36.5,143.0,26.9,0.0,2.9,0.0,0.0,3.5,False,6,11,6
682,Møller Wolfe,David Møller Wolfe,Wolves,DEF,a,4.2,29,839,0,2,1,20,0,0,1,0,0,0,0,69,142.0,110.8,46.0,30.0,1.6,1.6,0.6,1.1,0.1,False,9,20,34
699,Douglas Luiz,Douglas Luiz Soares de Paulo,Aston Villa,MID,a,4.9,28,770,1,1,1,13,0,0,2,0,0,0,0,179,162.6,262.2,83.0,50.7,3.2,2.0,2.7,2.7,0.1,False,20,48,21
438,Mazraoui,Noussair Mazraoui,Man Utd,DEF,d,4.9,28,610,0,0,2,7,0,3,3,0,0,0,0,135,133.8,65.9,30.0,22.8,2.0,1.9,2.5,1.9,0.2,False,16,30,42
637,Toti,Toti Gomes,Wolves,DEF,a,4.2,28,1039,0,0,1,25,0,0,1,1,0,0,0,102,240.4,78.2,34.0,35.3,1.6,2.0,0.6,1.1,0.1,False,16,40,80
791,Taty,Valentín Castellanos,West Ham,FWD,a,5.5,28,742,2,1,4,11,0,1,2,0,0,0,0,104,115.8,118.4,251.0,47.5,3.2,3.1,3.2,2.7,0.1,False,5,16,14
87,Christie,Ryan Christie,Bournemouth,MID,a,4.9,28,579,1,1,1,10,0,0,2,0,0,0,0,130,133.8,143.2,138.0,41.8,1.5,1.5,1.5,2.0,0.1,False,15,37,19
331,Cairney,Tom Cairney,Fulham,MID,a,4.8,28,533,1,0,1,9,0,1,3,0,0,0,0,115,82.8,104.8,49.0,23.7,1.0,1.5,1.0,1.0,0.0,False,4,31,8
376,Gomez,Joe Gomez,Liverpool,DEF,a,4.9,28,401,0,2,2,11,0,2,2,0,0,0,0,75,98.8,70.1,26.0,19.5,0.6,1.9,1.6,1.1,0.1,False,5,13,27
198,Tuanzebe,Axel Tuanzebe,Burnley,DEF,d,3.9,27,931,1,0,1,22,0,0,1,0,0,0,1,81,225.2,9.8,52.0,28.9,0.0,2.5,0.0,-0.2,0.9,False,12,29,85
447,Heaven,Ayden Heaven,Man Utd,DEF,a,3.7,27,642,0,1,1,12,0,0,2,0,0,0,1,109,175.6,27.2,26.0,22.9,0.2,2.1,0.7,0.7,2.2,False,16,31,56
415,Savinho,Sávio Moreira de Oliveira,Man City,MID,a,6.9,27,561,0,2,2,5,0,0,2,0,0,0,0,90,81.2,138.9,232.0,45.2,0.2,1.6,0.7,0.7,0.4,False,6,31,9
424,Bobb,Oscar Bobb,Fulham,MID,a,5.1,27,637,0,2,2,9,0,0,1,0,0,0,0,115,90.4,217.7,107.0,41.7,2.0,1.9,2.0,2.0,0.2,False,12,29,7
405,Aké,Nathan Aké,Man City,DEF,a,5.2,27,487,0,0,2,7,0,1,1,0,0,0,0,114,102.0,93.1,25.0,22.1,0.4,1.9,0.9,0.9,0.6,False,9,12,29
662,Mosquera,Cristhian Mosquera,Arsenal,DEF,a,5.3,27,615,0,0,2,5,0,1,2,0,0,0,0,137,143.4,37.6,8.0,18.9,2.0,2.1,3.0,3.0,0.1,False,20,23,44
807,Rayan,Rayan Vitor Simplício Rocha,Bournemouth,MID,a,5.6,27,451,2,1,2,3,0,2,1,0,0,0,0,95,122.6,118.1,103.0,34.3,3.5,4.5,3.5,4.0,2.6,False,5,16,6
301,Alcaraz,Carlos Alcaraz Durán,Everton,MID,i,5.2,26,667,0,1,3,8,0,0,3,0,0,0,0,111,83.0,144.5,156.0,38.4,0.0,1.6,0.0,0.0,0.1,False,13,41,10
456,Sancho,Jadon Sancho,Aston Villa,MID,n,5.8,26,686,0,1,1,5,0,0,0,0,0,0,0,106,102.4,248.3,176.0,52.9,1.0,1.4,0.5,0.0,0.2,False,6,19,11
525,Wood,Chris Wood,Nott'm Forest,FWD,i,7.2,25,538,2,0,1,8,0,3,0,0,0,0,0,85,77.6,49.6,179.0,29.8,0.0,3.1,0.0,0.0,4.6,False,1,7,6
239,Gittens,Jamie Bynoe-Gittens,Chelsea,MID,d,6.0,25,486,0,2,1,7,0,0,0,0,0,0,0,99,93.0,130.4,91.0,31.3,0.0,1.6,0.0,0.2,0.1,False,8,15,6
290,Branthwaite,Jarrad Branthwaite,Everton,DEF,a,5.3,24,490,1,1,1,6,0,0,1,0,0,0,0,84,121.2,31.6,74.0,22.7,5.2,3.4,5.7,4.2,0.4,False,9,20,33
284,Nketiah,Eddie Nketiah,Crystal Palace,FWD,i,5.4,23,414,2,0,0,12,0,3,2,0,0,0,0,100,120.0,84.6,173.0,37.8,0.0,1.9,0.0,0.0,0.3,False,8,17,13
631,Agbadou,Emmanuel Agbadou,Wolves,DEF,u,4.2,23,1100,0,0,0,29,0,0,1,1,0,0,0,86,312.2,76.0,75.0,46.4,0.0,1.6,0.0,0.0,0.1,False,32,65,93
351,Gnonto,Wilfried Gnonto,Leeds,MID,a,5.2,22,377,0,2,1,11,0,0,3,0,0,0,0,88,59.0,87.7,39.0,18.4,0.2,1.4,0.2,0.2,0.1,False,14,17,10
719,Lindelöf,Victor Lindelöf,Aston Villa,DEF,a,4.5,22,572,0,1,1,9,0,0,0,0,0,0,0,94,123.8,27.5,8.0,16.0,0.2,1.8,-0.3,-0.3,0.1,False,4,13,32
338,Muniz,Rodrigo Muniz Carvalho,Fulham,FWD,a,5.3,22,465,1,1,1,8,0,3,1,0,0,0,1,62,82.4,55.4,166.0,29.3,1.0,1.8,1.0,1.0,0.7,False,4,9,14
494,Willock,Joe Willock,Newcastle,MID,a,5.0,21,592,0,0,2,12,0,0,3,0,0,0,0,84,61.0,102.5,89.0,25.1,0.8,1.2,0.3,0.3,0.1,False,16,38,9
143,Boscagli,Olivier Boscagli,Brighton,DEF,a,4.2,21,439,0,1,1,5,0,2,2,0,0,0,0,88,122.0,46.4,12.0,18.1,1.2,2.6,0.2,1.2,0.1,False,10,34,31
627,Johnstone,Sam Johnstone,Wolves,GKP,a,4.4,21,1080,0,0,0,24,39,0,0,0,0,0,1,117,308.0,0.1,0.0,30.8,0.0,1.8,-1.0,-0.5,0.1,False,2,107,24
326,Adama,Adama Traoré Diarra,West Ham,MID,d,5.1,21,288,0,0,0,10,0,0,1,0,0,0,0,65,21.8,63.8,62.0,14.4,0.8,1.1,0.8,0.2,0.2,False,1,12,1
608,Scarles,Ollie Scarles,West Ham,DEF,d,4.3,21,654,0,1,0,16,0,0,1,0,0,0,0,86,138.2,71.7,22.0,23.2,0.2,1.8,0.2,-0.2,0.0,False,29,35,43
296,Patterson,Nathan Patterson,Everton,DEF,a,4.4,21,237,0,0,2,1,0,0,0,0,0,0,0,68,63.6,6.4,17.0,8.6,0.0,3.5,0.5,-1.0,0.0,False,10,14,20
98,Enes Ünal,Enes Ünal,Bournemouth,FWD,a,5.4,20,170,1,0,0,2,0,1,1,0,0,0,0,55,45.6,12.4,82.0,13.3,1.0,1.2,1.0,1.5,0.0,False,1,4,7
55,Barkley,Ross Barkley,Aston Villa,MID,a,4.8,20,243,1,1,0,3,0,0,0,0,0,0,0,88,82.8,87.9,65.0,23.5,1.0,1.7,0.5,0.5,0.0,False,5,15,8
721,Milosavljević,Veljko Milosavljevic,Bournemouth,DEF,a,4.4,19,367,0,0,1,6,0,0,0,0,0,0,0,63,98.4,13.9,10.0,12.2,0.0,2.7,0.0,0.5,0.0,False,5,13,34
410,Lewis,Rico Lewis,Man City,DEF,a,4.6,19,311,0,1,1,5,0,2,1,0,0,0,0,75,67.4,97.3,43.0,20.7,0.0,1.9,0.5,0.5,1.2,False,5,10,14
614,Ward-Prowse,James Ward-Prowse,Burnley,MID,a,5.6,19,561,0,1,1,15,0,0,0,0,0,0,0,129,101.2,228.2,6.0,33.5,2.0,2.1,1.5,1.5,0.2,False,6,16,15
796,Gallagher,Conor Gallagher,Spurs,MID,a,5.2,19,577,0,1,0,16,0,0,0,0,0,0,0,96,85.8,107.2,86.0,27.9,1.5,2.4,1.5,1.0,0.1,False,10,34,15
367,Mamardashvili,Giorgi Mamardashvili,Liverpool,GKP,a,4.1,19,450,0,0,1,10,17,0,0,0,0,1,0,70,140.0,0.0,0.0,13.9,0.0,3.8,1.0,0.5,0.5,False,0,43,7
135,Wissa,Yoane Wissa,Newcastle,FWD,a,7.3,19,421,1,0,1,8,0,0,1,0,0,0,0,57,52.0,35.5,137.0,21.7,0.2,1.6,-0.3,-0.3,0.6,False,2,13,3
199,Worrall,Joe Worrall,Burnley,DEF,a,3.8,19,480,0,0,0,11,0,0,0,0,0,0,0,35,138.8,1.5,17.0,15.9,3.0,1.9,2.5,2.5,0.2,False,4,9,67
195,Lucas Pires,Lucas Pires Silva,Burnley,DEF,a,3.8,18,1086,0,0,1,25,0,0,0,1,0,0,0,95,181.0,231.4,60.0,47.1,0.5,1.3,0.0,0.0,0.3,False,24,69,49
815,Disasi,Axel Disasi,West Ham,DEF,a,4.5,18,450,0,0,3,6,0,0,0,0,0,0,1,76,79.0,12.9,53.0,14.5,3.0,3.6,3.0,2.5,0.1,False,2,9,29
522,Yates,Ryan Yates,Nott'm Forest,MID,a,4.7,18,368,0,1,0,5,0,0,1,0,0,0,0,75,71.6,48.4,34.0,15.1,0.2,1.3,-0.3,0.2,0.1,False,8,11,17
305,Armstrong,Harrison Armstrong,Everton,MID,a,4.5,18,491,0,0,1,8,0,0,0,0,0,0,0,75,58.4,66.3,78.0,20.4,1.0,1.8,1.5,0.0,0.1,False,13,24,13
707,Dibling,Tyler Dibling,Everton,MID,a,5.3,18,349,0,0,2,2,0,0,2,0,0,0,0,49,46.0,61.0,32.0,13.6,0.2,1.3,0.7,-0.8,0.0,False,7,22,11
732,Uche,Christantus Uche,Crystal Palace,FWD,a,5.5,17,159,0,1,0,4,0,0,0,0,0,0,0,42,13.2,7.1,73.0,8.8,0.4,1.2,0.4,0.4,0.1,False,1,9,3
353,James,Daniel James,Leeds,MID,a,5.2,17,398,0,0,1,13,0,0,0,0,0,0,0,65,44.6,112.9,97.0,25.6,0.8,1.2,0.8,0.8,0.1,False,4,15,3
31,G.Jesus,Gabriel Fernando de Jesus,Arsenal,FWD,a,6.4,17,304,2,0,0,6,0,0,2,0,0,0,0,68,100.6,24.9,207.0,33.0,0.0,1.5,1.0,1.0,0.4,False,4,18,4
345,Bornauw,Sebastiaan Bornauw,Leeds,DEF,a,3.8,17,304,0,0,1,4,0,0,1,0,0,0,0,48,78.4,5.6,10.0,9.4,0.0,1.9,0.0,0.0,0.1,False,6,7,32
551,Rigg,Chris Rigg,Sunderland,MID,a,4.7,16,376,0,0,2,2,0,0,0,0,0,0,0,51,20.2,48.4,21.0,8.9,0.2,1.5,0.2,0.2,0.0,False,6,15,7
728,Röhl,Merlin Röhl,Everton,MID,a,5.0,16,353,0,0,2,4,0,0,0,0,0,0,0,39,61.2,65.9,32.0,15.9,0.0,1.6,0.5,-1.0,0.0,False,15,18,10
180,Tzimas,Stefanos Tzimas,Brighton,FWD,i,5.2,16,132,1,1,0,2,0,0,0,0,0,0,0,55,66.6,65.7,44.0,17.7,0.0,1.8,0.0,0.0,0.1,False,3,10,2
686,Ngumoha,Rio Ngumoha,Liverpool,MID,a,4.3,16,128,1,0,0,5,0,0,0,0,0,0,0,82,78.2,110.4,81.0,27.1,0.6,1.5,1.6,1.1,0.8,False,2,5,1
574,Udogie,Destiny Udogie,Spurs,DEF,d,4.3,15,794,0,1,0,17,0,0,2,0,0,0,0,62,144.0,122.3,82.0,34.9,0.0,1.2,0.0,-0.2,0.3,False,19,47,21
527,Awoniyi,Taiwo Awoniyi,Nott'm Forest,FWD,a,5.2,15,222,1,0,0,2,0,1,0,0,0,0,0,60,52.4,41.8,105.0,19.8,0.5,1.5,0.0,0.5,0.3,False,1,8,4
263,Clyne,Nathaniel Clyne,Crystal Palace,DEF,a,3.8,15,494,0,1,0,9,0,2,1,0,0,0,0,49,80.6,53.5,33.0,16.6,0.2,1.9,0.2,0.2,0.6,False,14,16,25
817,Armstrong,Adam Armstrong,Wolves,FWD,a,5.3,15,481,0,2,3,5,0,0,2,0,0,0,0,59,59.4,60.8,13.0,13.4,2.2,2.5,1.2,1.7,0.1,False,3,10,9
674,Ramsdale,Aaron Ramsdale,Newcastle,GKP,a,4.8,14,643,0,0,0,11,14,0,0,0,0,0,0,58,125.8,10.0,0.0,13.6,0.8,1.8,0.3,0.3,0.7,False,0,54,5
262,Chadi Riad,Chadi Riad Dnanou,Crystal Palace,DEF,a,4.0,14,312,0,1,1,3,0,0,2,0,0,0,0,58,63.8,21.3,14.0,9.9,1.8,2.3,1.8,1.8,0.0,False,4,12,14
734,Bakwa,Dilane Bakwa,Nott'm Forest,MID,a,5.9,14,342,0,1,0,8,0,0,1,0,0,0,0,55,49.8,113.9,78.0,23.8,0.5,1.4,0.0,0.5,0.0,False,2,21,3
548,Mundle,Romaine Mundle,Sunderland,MID,i,4.9,14,399,0,0,0,11,0,0,1,0,0,0,0,42,29.4,33.6,69.0,12.7,0.5,1.0,0.0,0.0,0.0,False,5,22,6
362,Piroe,Joël Piroe,Leeds,FWD,a,4.9,14,215,0,0,1,7,0,0,0,0,0,0,0,34,10.6,36.9,96.0,13.8,0.5,1.1,0.5,0.5,0.3,False,1,9,1
197,Sonne,Oliver Sonne,Burnley,DEF,u,3.8,13,164,1,0,0,4,0,0,0,0,0,0,0,20,44.8,18.1,30.0,9.2,0.0,1.9,0.0,0.0,0.2,False,2,4,5
535,Cirkin,Dennis Cirkin,Sunderland,DEF,d,4.0,13,296,0,0,1,2,0,0,1,0,0,0,0,44,58.2,8.7,2.0,6.8,0.0,2.2,0.0,0.0,0.0,False,8,7,18
123,Carvalho,Fábio Freitas Gouveia Carvalho,Brentford,MID,i,4.7,13,100,1,0,0,4,0,1,0,0,0,0,0,42,39.0,6.5,36.0,8.1,0.0,2.2,0.0,0.0,0.1,False,3,5,0
164,O'Riley,Matt O'Riley,Brighton,MID,a,5.5,13,185,1,0,1,2,0,2,0,0,0,0,0,40,61.6,67.4,63.0,19.2,0.2,4.3,-0.8,0.2,0.3,False,4,2,3
587,Bissouma,Yves Bissouma,Spurs,MID,a,5.2,13,460,0,0,0,15,0,0,3,0,0,0,0,88,83.8,18.9,23.0,12.6,1.5,1.6,1.5,1.0,0.0,False,18,24,25
320,Diop,Issa Diop,Fulham,DEF,a,4.3,13,592,0,0,0,11,0,0,2,0,0,0,0,49,118.0,5.7,12.0,13.6,0.8,1.3,0.8,0.8,0.1,False,6,14,42
808,Abraham,Tammy Abraham,Aston Villa,FWD,a,6.0,13,163,1,0,0,2,0,2,0,0,0,0,0,46,45.8,37.3,89.0,17.3,2.5,2.2,2.0,2.0,0.3,False,2,3,1
392,Endo,Endo Wataru,Liverpool,MID,i,4.9,12,170,0,1,1,5,0,0,1,0,0,0,0,49,56.0,18.1,6.0,8.0,0.6,1.5,0.0,0.0,0.1,False,7,3,13
625,Füllkrug,Niclas Füllkrug,West Ham,FWD,u,5.6,12,407,0,0,1,11,0,0,0,0,0,0,0,28,26.0,85.1,130.0,23.8,0.0,1.5,0.0,0.0,0.6,False,2,10,7
645,Fer López,Fer López González,Wolves,MID,u,5.1,12,228,0,1,0,9,0,0,1,0,0,0,0,38,29.0,61.0,37.0,12.4,0.0,1.3,0.0,0.0,0.0,False,1,10,1
409,Stones,John Stones,Man City,DEF,a,5.4,12,351,0,0,1,8,0,0,0,0,0,0,0,45,76.6,19.6,2.0,9.8,0.0,1.7,0.5,0.5,0.6,False,0,17,19
352,Harrison,Jack Harrison,Leeds,MID,u,5.1,12,262,0,0,0,5,0,0,0,0,0,0,0,51,30.0,49.4,35.0,11.5,0.0,1.1,0.0,0.0,0.0,False,5,13,6
336,Reed,Harrison Reed,Fulham,MID,a,4.3,12,23,1,0,0,1,0,2,0,0,0,0,0,37,36.6,8.7,7.0,5.2,0.2,2.4,0.2,0.2,0.4,False,0,2,0
252,Marc Guiu,Marc Guiu Paz,Chelsea,FWD,a,4.1,12,247,0,1,0,2,0,0,1,0,0,0,0,19,24.6,38.8,81.0,12.6,0.0,1.3,0.5,0.5,5.6,False,0,3,4
128,Onyeka,Frank Onyeka,Brentford,MID,u,4.8,12,88,0,2,0,2,0,0,0,0,0,0,0,41,28.4,13.6,4.0,4.6,0.0,2.0,0.0,0.0,0.0,False,2,5,3
632,Doherty,Matt Doherty,Wolves,DEF,a,4.4,12,702,0,0,1,14,0,0,4,0,0,0,0,47,116.2,50.8,18.0,18.6,0.2,1.2,-0.8,-0.3,0.1,False,13,27,44
10,Lewis-Skelly,Myles Lewis-Skelly,Arsenal,DEF,a,5.1,12,311,0,0,0,5,0,0,3,0,0,0,0,36,31.2,45.5,18.0,9.4,0.0,0.9,1.0,1.0,1.4,False,4,14,10
33,M.Bizot,Marco Bizot,Aston Villa,GKP,a,4.2,11,405,0,0,1,8,13,0,2,0,0,0,0,51,92.8,0.0,0.0,9.3,0.0,2.2,-0.5,-0.5,0.4,False,0,41,6
431,Bayindir,Altay Bayındır,Man Utd,GKP,a,4.7,11,540,0,0,0,11,13,0,0,0,0,0,0,49,118.4,10.0,0.0,12.8,0.0,1.8,0.5,0.5,0.3,False,0,39,7
49,Bailey,Leon Bailey,Aston Villa,MID,a,5.5,11,282,0,1,0,6,0,0,1,0,0,0,0,39,50.8,109.7,43.0,20.4,2.0,1.6,1.5,1.5,0.1,False,5,20,3
715,John,John Victor Maciel Furtado,Nott'm Forest,GKP,i,4.0,11,437,0,0,1,8,6,0,1,0,0,0,0,32,56.4,0.0,0.0,5.7,0.0,2.2,0.0,0.0,0.3,False,0,26,4
182,Trafford,James Trafford,Man City,GKP,a,4.5,11,270,0,0,1,4,11,0,0,0,0,0,0,62,100.2,0.0,0.0,10.1,0.0,3.7,0.5,0.5,0.9,False,2,33,6
572,Dragusin,Radu Drăgușin,Spurs,DEF,a,4.5,11,423,0,0,0,12,0,0,0,0,0,0,0,18,99.2,2.7,27.0,12.9,2.0,1.6,2.0,1.5,0.0,False,3,11,54
400,Ortega Moreno,Stefan Ortega Moreno,Nott'm Forest,GKP,d,4.7,11,270,0,0,1,4,8,0,0,0,0,0,0,38,68.6,0.0,0.0,6.9,2.5,3.7,0.5,1.2,0.2,False,0,8,1
672,Hato,Jorrel Hato,Chelsea,DEF,a,4.6,10,540,0,0,0,13,0,0,4,0,0,0,0,33,95.6,67.2,24.0,18.7,0.5,0.7,1.0,1.0,0.2,False,18,20,31
638,Hoever,Ki-Jana Hoever,Wolves,DEF,u,3.8,10,423,0,0,0,13,0,0,0,0,0,0,0,38,101.4,87.8,13.0,20.3,0.0,1.2,0.0,0.0,0.9,False,13,16,27
30,Havertz,Kai Havertz,Arsenal,FWD,a,7.3,10,201,0,1,2,0,0,0,0,0,0,0,0,50,35.6,33.3,45.0,11.5,0.4,2.0,1.0,1.4,0.5,False,3,6,5
812,Ellborg,Melker Ellborg,Sunderland,GKP,a,4.0,10,90,0,0,1,0,4,3,0,0,0,0,0,32,25.6,0.0,0.0,2.6,2.5,10.0,2.5,2.5,0.1,False,0,11,2
571,Davies,Ben Davies,Spurs,DEF,i,4.3,10,136,1,0,0,3,0,1,1,0,0,0,0,29,67.4,22.2,52.0,14.2,0.0,3.3,0.0,0.0,0.1,False,5,5,9
144,Coppola,Diego Coppola,Brighton,DEF,u,4.2,10,193,0,0,1,3,0,0,2,0,0,0,0,32,42.4,3.7,2.0,4.8,0.0,2.0,0.0,0.0,0.0,False,2,6,16
243,George,Tyrique George,Everton,MID,a,4.8,9,244,0,0,1,3,0,0,2,0,0,0,0,14,14.6,17.2,77.0,10.5,1.0,1.1,1.5,0.0,0.1,False,2,9,1
696,Kalimuendo,Arnaud Kalimuendo,Nott'm Forest,FWD,u,6.0,9,89,0,0,0,3,0,0,0,0,0,0,0,24,6.8,17.7,39.0,6.3,0.0,1.0,0.0,0.0,0.1,False,1,4,1
621,Irving,Andy Irving,West Ham,MID,u,4.3,9,156,0,0,0,4,0,0,0,0,0,0,0,49,31.6,52.3,2.0,8.6,0.0,1.3,0.0,0.0,0.2,False,6,14,2
816,Angel,Angel Gomes,Wolves,MID,a,4.8,9,237,0,0,1,4,0,0,0,0,0,0,0,52,38.2,45.1,10.0,9.4,1.4,1.5,0.4,0.9,0.0,False,7,11,4
813,Angulo,Nilson Angulo,Sunderland,MID,a,5.0,9,254,0,0,1,4,0,0,0,0,0,0,0,27,36.2,28.3,62.0,12.6,2.0,1.8,2.0,2.0,0.0,False,7,6,10
805,Lucca,Lorenzo Lucca,Nott'm Forest,FWD,a,5.5,8,119,1,0,1,1,0,0,0,0,0,0,0,34,37.2,12.7,31.0,7.9,0.8,2.7,0.3,0.8,0.0,False,0,1,4
25,Nwaneri,Ethan Nwaneri,Arsenal,MID,u,5.0,8,165,0,0,1,0,0,0,0,0,0,0,0,20,8.6,22.5,24.0,5.4,0.0,1.3,0.0,0.0,0.1,False,2,10,1
618,G.Rodriguez,Guido Rodríguez,West Ham,MID,u,4.8,8,175,0,0,1,2,0,0,1,0,0,0,0,30,9.8,6.0,2.0,1.7,0.0,1.3,0.0,0.0,0.0,False,1,10,4
785,Pablo,Pablo Felipe Pereira de Jesus,West Ham,FWD,a,5.4,8,250,0,0,0,4,0,0,0,0,0,0,0,21,19.6,53.4,21.0,9.4,0.0,1.6,0.0,-0.5,0.0,False,9,11,5
391,Gannon-Doak,Ben Gannon-Doak,Bournemouth,MID,i,4.8,7,53,0,1,0,1,0,0,0,0,0,0,0,22,21.2,14.0,11.0,4.7,0.0,1.8,0.0,0.0,0.0,False,2,0,1
539,O'Nien,Luke O'Nien,Sunderland,DEF,a,4.0,7,112,0,0,1,0,0,0,1,1,0,0,0,26,10.4,2.2,2.0,1.5,1.2,1.2,1.2,1.2,0.1,False,3,5,4
12,Zinchenko,Oleksandr Zinchenko,Nott'm Forest,DEF,u,4.9,7,352,0,0,0,6,0,0,0,0,0,0,0,56,80.8,83.4,22.0,18.6,0.0,1.4,0.0,0.0,0.2,False,10,17,14
426,McAtee,James McAtee,Nott'm Forest,MID,a,5.0,7,170,0,0,0,8,0,0,1,0,0,0,0,27,16.2,45.0,10.0,7.2,0.2,0.9,-0.3,0.2,0.1,False,4,6,1
229,B.Badiashile,Benoît Badiashile Mukinayi,Chelsea,DEF,a,4.4,7,470,0,0,0,10,0,0,2,0,0,0,0,48,102.8,7.9,2.0,11.4,0.0,0.9,0.5,0.5,0.0,False,7,16,41
221,Jörgensen,Filip Jörgensen,Chelsea,GKP,a,4.3,6,264,0,0,0,4,6,0,0,0,0,0,0,35,59.6,0.0,0.0,5.9,0.8,2.0,1.3,1.3,0.2,False,0,23,3
651,Edozie,Tom Edozie,Wolves,MID,a,4.3,6,6,1,0,0,0,0,0,0,0,0,0,0,22,34.4,0.1,17.0,5.2,1.2,6.0,0.2,0.7,0.4,False,0,0,0
27,Nelson,Reiss Nelson,Brentford,MID,d,4.8,6,50,0,0,0,1,0,0,0,0,0,0,0,19,16.4,4.0,16.0,3.4,0.0,1.0,0.0,0.2,0.1,False,2,12,3
24,Nørgaard,Christian Nørgaard,Arsenal,MID,a,5.1,6,56,0,0,0,1,0,0,0,0,0,0,0,19,15.8,0.4,7.0,2.4,0.4,1.0,1.4,1.4,0.1,False,0,4,7
149,Igor,Igor Julio dos Santos de Paulo,Brighton,DEF,a,4.5,6,103,0,0,0,3,0,0,0,0,0,0,0,10,25.8,10.6,0.0,3.6,0.0,1.5,-1.0,0.0,0.1,False,0,3,13
747,Mayers,Ezra Mayers,West Ham,DEF,a,4.0,6,113,0,0,0,3,0,0,0,0,0,0,0,18,21.8,34.9,9.0,6.6,0.2,1.0,0.2,-0.3,0.0,False,0,6,5
244,Lavia,Roméo Lavia,Chelsea,MID,a,4.9,6,135,0,0,0,3,0,0,0,0,0,0,0,27,11.8,9.0,2.0,2.2,0.5,1.0,1.0,1.0,0.0,False,2,5,6
259,Sosa,Borna Sosa,Crystal Palace,DEF,a,4.8,5,53,0,0,0,1,0,0,0,0,0,0,0,10,11.0,12.2,4.0,2.7,0.0,1.0,0.0,0.0,0.1,False,3,1,4
758,Mohamadou Kanté,Mohamadou Kanté,West Ham,MID,a,4.5,5,24,0,0,0,0,0,0,1,0,0,0,0,19,10.4,12.0,4.0,2.4,0.5,0.8,0.5,0.0,0.0,False,4,6,1
700,Dowman,Max Dowman,Arsenal,MID,a,4.2,5,27,0,1,0,0,0,0,0,0,0,0,0,13,1.0,0.8,26.0,2.8,0.0,2.5,1.0,1.0,0.5,False,2,1,0
172,Watson,Tom Watson,Brighton,MID,u,4.8,5,57,0,0,0,2,0,0,1,0,0,0,0,15,6.0,2.4,7.0,1.6,0.0,0.8,0.0,0.0,0.0,False,1,4,0
619,L.Guilherme,Luis Guilherme Lira dos Santos,West Ham,MID,u,4.9,5,121,0,0,0,2,0,0,0,0,0,0,0,11,9.2,14.5,4.0,2.5,0.0,1.0,0.0,0.0,0.0,False,1,8,2
389,Elliott,Harvey Elliott,Aston Villa,MID,i,5.1,5,110,0,0,0,2,0,0,0,0,0,0,0,17,11.8,31.7,31.0,7.4,0.0,1.0,0.0,0.0,0.2,False,0,4,2
794,Alleyne,Max Alleyne,Man City,DEF,d,4.0,5,135,0,0,0,1,0,0,0,0,0,0,0,27,34.0,14.8,26.0,7.5,0.0,2.5,0.4,0.4,0.0,False,3,4,8
510,Jair Cunha,Jair Paula da Cunha Filho,Nott'm Forest,DEF,a,4.2,5,214,0,0,0,4,0,0,0,0,0,0,0,18,46.2,0.8,10.0,5.6,0.5,1.7,0.0,0.5,0.1,False,4,3,16
737,Kusi-Asare,Jonah Kusi-Asare,Fulham,FWD,a,4.5,4,30,0,0,0,2,0,0,1,0,0,0,0,11,1.2,11.4,8.0,2.1,0.0,0.8,0.0,0.0,0.1,False,0,2,0
111,Pinnock,Ethan Pinnock,Brentford,DEF,a,4.2,4,228,0,0,0,5,0,0,1,0,0,0,1,21,62.8,1.1,12.0,7.6,0.0,1.3,0.0,0.5,0.1,False,4,9,25
130,Donovan,Romelle Donovan,Brentford,MID,a,4.4,4,38,0,0,0,0,0,0,0,0,0,0,0,19,8.4,11.5,21.0,4.2,0.5,1.0,0.5,1.0,0.1,False,0,5,0
93,H.Traorè,Hamed Traorè,Bournemouth,MID,u,4.5,4,16,0,1,0,2,0,0,0,0,0,0,0,12,21.2,10.0,0.0,3.1,0.0,4.0,0.0,0.0,0.3,False,1,2,1
269,Esse,Romain Esse,Crystal Palace,MID,u,4.7,4,40,0,0,0,0,0,0,0,0,0,0,0,12,6.8,2.7,6.0,1.5,0.0,1.0,0.0,0.0,0.1,False,3,2,0
218,Barnes,Ashley Barnes,Burnley,FWD,a,4.2,4,23,0,0,0,2,0,0,1,0,0,0,0,7,0.2,0.6,9.0,1.0,0.8,1.0,0.3,0.3,1.4,False,0,2,0
795,Howell,Harry Howell,Brighton,MID,a,4.5,4,92,0,0,0,2,0,0,0,0,0,0,0,11,10.2,5.1,2.0,1.8,0.8,1.3,-0.2,0.8,0.0,False,1,3,3
214,Trésor,Mike Trésor Ndayishimiye,Burnley,MID,i,4.3,4,19,0,0,0,1,0,0,0,0,0,0,0,10,0.6,0.4,2.0,0.3,0.0,1.0,0.0,0.0,0.1,False,0,2,0
607,N.Aguerd,Nayef Aguerd,West Ham,DEF,u,4.4,3,180,0,0,0,8,0,0,0,0,0,0,0,-1,39.0,3.9,8.0,5.1,0.0,1.5,0.0,0.0,0.0,False,1,8,14
792,Alysson,Alysson Edward Franco da Rocha dos Santos,Aston Villa,MID,a,5.0,3,47,0,0,0,2,0,0,0,0,0,0,0,11,3.2,3.5,10.0,1.5,0.8,1.0,0.3,0.3,0.0,False,0,3,1
294,Coleman,Séamus Coleman,Everton,DEF,d,4.2,3,11,0,0,0,0,0,0,0,0,0,0,0,10,0.0,0.1,0.0,0.0,0.0,1.0,0.0,-0.5,0.1,False,0,1,0
640,Pedro Lima,Pedro Cardoso de Lima,Wolves,DEF,a,4.0,3,3,0,0,0,1,0,0,0,0,0,0,0,5,0.2,0.5,2.0,0.2,0.0,1.0,-1.0,-0.5,0.4,False,0,1,0
801,Tóth.A,Alex Tóth,Bournemouth,MID,a,4.9,3,71,0,0,0,1,0,0,1,0,0,0,0,10,6.0,33.5,14.0,5.3,0.2,0.8,0.2,0.7,0.0,False,1,5,2
462,J.Fletcher,Jack Fletcher,Man Utd,MID,a,4.3,3,107,0,0,0,0,0,0,0,0,0,0,0,10,18.6,24.4,5.0,4.8,0.0,1.0,0.5,0.5,0.1,False,5,4,2
549,Neil,Dan Neil,Sunderland,MID,u,4.8,3,13,0,0,0,0,0,0,0,0,0,0,0,10,3.0,1.4,0.0,0.4,0.0,1.0,0.0,0.0,0.0,False,0,0,2
396,Nyoni,Trey Nyoni,Liverpool,MID,a,4.3,3,6,0,0,0,0,0,0,0,0,0,0,0,3,2.2,10.3,4.0,1.5,0.2,1.0,1.2,0.7,0.3,False,0,2,0
80,Soler,Julio Soler Barreto,Bournemouth,DEF,i,4.0,3,34,0,0,0,2,0,0,0,0,0,0,0,2,1.8,2.5,2.0,0.6,0.0,1.0,0.0,0.0,0.2,False,1,4,0
626,Marshall,Callum Marshall,West Ham,FWD,u,4.3,2,58,0,0,0,2,0,0,0,0,0,0,0,0,1.2,0.1,7.0,0.8,0.0,1.0,0.0,0.0,0.5,False,0,1,2
804,Souza,João Victor de Souza Menezes,Spurs,DEF,a,4.0,2,87,0,0,0,2,0,0,1,0,0,0,0,-1,8.6,31.6,8.0,4.8,0.2,0.7,0.2,-0.3,0.0,False,0,2,3
814,Netz,Luca Netz,Nott'm Forest,DEF,a,4.5,2,48,0,0,0,0,0,0,0,0,0,0,0,8,7.8,1.7,2.0,1.1,0.2,1.0,-0.3,0.2,0.0,False,0,3,1
231,M.Sarr,Mamadou Sarr,Chelsea,DEF,a,4.5,2,91,0,0,0,3,0,0,0,0,0,0,0,1,6.2,0.1,7.0,1.3,0.5,1.0,1.0,1.0,0.0,False,1,2,7
762,Drakes-Thomas,Joél Drakes-Thomas,Crystal Palace,MID,a,4.5,2,7,0,0,0,1,0,0,0,0,0,0,0,6,1.4,1.0,0.0,0.3,0.0,1.0,0.0,0.0,0.0,False,1,2,0
42,A.García,Andrés García,Aston Villa,DEF,a,3.9,2,33,0,0,0,2,0,0,0,0,0,0,0,0,0.8,1.6,0.0,0.2,0.2,0.7,-0.3,-0.3,0.2,False,0,2,0
650,Chirewa,Tawanda Chirewa,Wolves,MID,u,4.3,2,25,0,0,0,0,0,0,0,0,0,0,0,4,3.2,0.3,0.0,0.4,0.0,1.0,0.0,0.0,0.2,False,2,1,1
542,Seelt,Jenson Seelt,Sunderland,DEF,u,4.0,2,133,0,0,0,2,0,0,0,0,0,0,0,11,33.6,2.4,0.0,3.6,0.0,1.0,0.0,0.0,0.1,False,4,6,8
513,Abbott,Zach Abbott,Nott'm Forest,DEF,a,3.8,2,120,0,0,0,4,0,0,0,0,0,0,0,1,25.4,6.3,0.0,3.2,0.0,1.0,-0.5,0.0,0.3,False,2,8,8
448,Malacia,Tyrell Malacia,Man Utd,DEF,a,3.8,2,7,0,0,0,1,0,0,0,0,0,0,0,2,3.6,0.5,0.0,0.4,0.2,1.0,0.7,0.7,0.4,False,1,2,1
599,Scarlett,Dane Scarlett,Spurs,FWD,u,4.3,2,7,0,0,0,0,0,0,0,0,0,0,0,5,1.0,4.1,2.0,0.7,0.0,1.0,0.0,0.0,0.5,False,0,1,0
755,Lacey,Shea Lacey,Man Utd,MID,a,4.5,2,12,0,0,0,0,0,0,0,0,0,0,0,8,4.0,1.5,11.0,1.5,0.0,1.0,0.5,0.5,0.0,False,1,0,0
739,Mukasa,Divine Mukasa,Man City,MID,u,4.4,2,25,0,0,0,0,0,0,0,0,0,0,0,5,4.2,28.3,4.0,3.7,0.0,1.0,0.0,0.0,0.0,False,0,1,0
754,George Hemmings,George Hemmings,Aston Villa,MID,a,4.5,2,25,0,0,0,0,0,0,0,0,0,0,0,5,0.0,1.7,2.0,0.3,0.0,1.0,-0.5,-0.5,0.0,False,0,1,0
168,Buonanotte,Facundo Buonanotte,Leeds,MID,a,4.6,2,69,0,0,0,2,0,0,1,0,0,0,0,5,6.0,25.7,19.0,5.0,0.0,0.7,0.0,0.0,0.1,False,1,3,1
678,Masuaku,Arthur Masuaku,Sunderland,DEF,u,3.9,1,125,0,0,0,2,0,0,1,0,0,0,0,4,21.8,20.1,7.0,4.9,0.0,0.3,0.0,0.0,0.5,False,4,3,6
105,Valdimarsson,Hákon Rafn Valdimarsson,Brentford,GKP,a,3.9,1,90,0,0,0,3,1,0,0,0,0,0,0,1,13.0,0.0,0.0,1.3,0.2,1.0,0.2,0.7,0.6,False,0,7,0
122,Milambo,Antoni Milambo,Brentford,MID,i,5.2,1,45,0,0,0,3,0,0,0,0,0,0,0,5,4.0,1.8,0.0,0.6,0.0,1.0,0.0,0.0,0.0,False,2,2,0
656,Kalajdžić,Saša Kalajdžić,Wolves,FWD,u,4.9,1,14,0,0,0,0,0,0,0,0,0,0,0,1,1.0,4.3,2.0,0.7,0.0,1.0,0.0,0.0,0.0,False,0,1,1
62,Jimoh-Aloba,Jamaldeen Jimoh-Aloba,Aston Villa,MID,u,4.5,1,8,0,0,0,0,0,0,0,0,0,0,0,3,0.2,0.3,0.0,0.1,0.0,1.0,0.0,0.0,0.1,False,0,1,0
518,Jota,João Pedro Ferreira da Silva,Nott'm Forest,MID,u,5.4,1,11,0,0,0,0,0,0,0,0,0,0,0,6,5.0,0.5,4.0,1.0,0.0,1.0,0.0,0.0,0.0,False,2,0,1
800,Jocelin.T,Djiamgone Jocelin Ta Bi,Sunderland,MID,i,5.0,1,38,0,0,0,0,0,0,0,0,0,0,0,4,3.4,4.3,2.0,1.0,0.2,1.0,0.0,0.0,0.0,False,1,2,0
285,Édouard,Odsonne Édouard,Crystal Palace,FWD,u,5.0,1,2,0,0,0,0,0,0,0,0,0,0,0,6,2.0,0.0,0.0,0.2,0.0,1.0,0.0,0.0,0.2,False,1,0,0
133,Peart-Harris,Myles Peart-Harris,Brentford,MID,u,4.4,1,1,0,0,0,0,0,0,0,0,0,0,0,2,0.0,0.0,0.0,0.0,0.0,1.0,0.0,0.0,0.0,False,0,0,0
281,Rodney,Kaden Rodney,Crystal Palace,MID,a,4.4,1,3,0,0,0,0,0,0,0,0,0,0,0,2,0.0,0.1,0.0,0.0,0.0,1.0,0.0,0.0,0.0,False,0,0,0
745,Byfield,Jun'ai Byfield,Spurs,DEF,a,4.0,1,1,0,0,0,0,0,0,0,0,0,0,0,3,0.4,0.5,0.0,0.1,0.0,1.0,0.0,-0.5,0.0,False,0,0,0
675,Gunn,Angus Gunn,Nott'm Forest,GKP,a,4.0,1,45,0,0,0,0,0,0,0,0,0,0,0,4,1.2,0.0,0.0,0.1,0.0,1.0,-0.5,0.0,1.1,False,0,4,1
213,Banel,Jaydon Banel,Burnley,MID,u,4.5,1,9,0,0,0,0,0,0,0,0,0,0,0,2,0.0,0.5,0.0,0.0,0.0,1.0,0.0,0.0,0.0,False,0,0,0
175,Knight,Joe Knight,Brighton,MID,u,4.4,1,1,0,0,0,0,0,0,0,0,0,0,0,3,0.0,0.0,0.0,0.0,0.0,1.0,0.0,0.0,0.1,False,0,0,0
744,Oriola,Nehemiah Oriola,Brighton,MID,a,4.5,1,1,0,0,0,0,0,0,0,0,0,0,0,3,0.0,0.0,0.0,0.0,0.0,1.0,-1.0,0.0,0.0,False,0,0,0
346,Byram,Sam Byram,Leeds,DEF,a,3.8,1,7,0,0,0,1,0,0,0,0,0,0,0,-2,0.0,0.0,0.0,0.0,0.0,1.0,0.0,0.0,0.2,False,0,0,0
771,Fletcher,Tyler Fletcher,Man Utd,MID,a,4.4,1,1,0,0,0,0,0,0,0,0,0,0,0,3,0.4,1.0,0.0,0.1,0.0,1.0,0.5,0.5,0.0,False,0,0,0
769,Bendito Mantato,Bendito Mantato,Man Utd,MID,a,4.5,1,15,0,0,0,0,0,0,0,0,0,0,0,3,2.2,11.7,0.0,1.4,0.0,1.0,0.5,0.5,0.0,False,0,0,0
545,Roberts,Patrick Roberts,Sunderland,MID,u,5.4,1,27,0,0,0,1,0,0,0,0,0,0,0,4,1.8,7.3,5.0,1.4,0.0,1.0,0.0,0.0,0.0,False,0,1,0
96,Winterburn,Ben Winterburn,Bournemouth,MID,u,4.5,1,6,0,0,0,2,0,0,0,0,0,0,0,3,0.0,0.0,0.0,0.0,0.0,1.0,0.0,0.0,0.0,False,0,0,0
481,A.Murphy,Alex Murphy,Newcastle,DEF,a,3.8,1,1,0,0,0,1,0,0,0,0,0,0,0,-1,2.2,0.0,0.0,0.2,0.0,1.0,-0.5,-0.5,0.7,False,0,0,1
480,Lascelles,Jamaal Lascelles,Newcastle,DEF,u,4.3,1,19,0,0,0,2,0,0,0,0,0,0,0,0,10.2,0.0,7.0,1.7,0.0,0.5,0.0,0.0,0.0,False,0,0,5
159,March,Solly March,Brighton,MID,a,5.8,1,4,0,0,0,0,0,0,0,0,0,0,0,4,0.0,0.0,0.0,0.0,0.2,1.0,-0.8,0.2,0.0,False,0,0,0
446,Fredricson,Tyler Fredricson,Man Utd,DEF,a,3.8,1,2,0,0,0,0,0,0,0,0,0,0,0,4,4.0,0.0,0.0,0.4,0.0,1.0,0.5,0.5,0.1,False,0,0,2
702,Burrowes,Bradley Burrowes,Aston Villa,MID,a,4.4,1,16,0,0,0,1,0,0,0,0,0,0,0,3,0.0,0.3,0.0,0.0,0.0,1.0,-0.5,-0.5,0.1,False,0,1,0
620,Earthy,George Earthy,West Ham,MID,u,4.5,1,8,0,0,0,1,0,0,0,0,0,0,0,3,0.0,1.5,2.0,0.4,0.0,1.0,0.0,0.0,0.0,False,0,0,0
422,Kovačić,Mateo Kovačić,Man City,MID,i,5.8,1,4,0,0,0,0,0,0,0,0,0,0,0,3,2.6,0.8,0.0,0.3,0.0,1.0,0.0,0.0,0.0,False,0,0,0
2,Arrizabalaga,Kepa Arrizabalaga Revuelta,Arsenal,GKP,a,4.1,0,0,0,0,0,0,0,0,0,0,0,0,0,0,0.0,0.0,0.0,0.0,0.0,0.0,1.0,1.0,0.4,False,0,0,0
4,Setford,Tommy Setford,Arsenal,GKP,a,3.9,0,0,0,0,0,0,0,0,0,0,0,0,0,0,0.0,0.0,0.0,0.0,0.0,0.0,1.0,1.0,0.2,False,0,0,0
9,Kiwior,Jakub Kiwior,Arsenal,DEF,u,5.4,0,0,0,0,0,0,0,0,0,0,0,0,0,0,0.0,0.0,0.0,0.0,0.0,0.0,0.0,0.0,0.0,False,0,0,0
13,Clarke,Brayden Clarke,Arsenal,DEF,a,3.8,0,0,0,0,0,0,0,0,0,0,0,0,0,0,0.0,0.0,0.0,0.0,0.0,0.0,1.0,1.0,0.4,False,0,0,0
14,Kacurri,Maldini Kacurri,Arsenal,DEF,u,3.9,0,0,0,0,0,0,0,0,0,0,0,0,0,0,0.0,0.0,0.0,0.0,0.0,0.0,0.0,0.0,0.1,False,0,0,0
15,Nichols,Josh Nichols,Arsenal,DEF,a,3.7,0,0,0,0,0,0,0,0,0,0,0,0,0,0,0.0,0.0,0.0,0.0,0.0,0.0,1.0,1.0,0.2,False,0,0,0
655,Fábio Silva,Fábio Soares Silva,Wolves,FWD,u,4.9,0,0,0,0,0,0,0,0,0,0,0,0,0,0,0.0,0.0,0.0,0.0,0.0,0.0,0.0,0.0,0.2,False,0,0,0
657,Chiwome,Leon Chiwome,Wolves,FWD,a,4.4,0,0,0,0,0,0,0,0,0,0,0,0,0,0,0.0,0.0,0.0,0.0,0.0,0.0,-1.0,-0.5,0.0,False,0,0,0
658,Fraser,Nathan Fraser,Wolves,FWD,a,4.2,0,0,0,0,0,0,0,0,0,0,0,0,0,0,0.0,0.0,0.0,0.0,0.0,0.0,-1.0,-0.5,1.9,False,0,0,0
766,Olagunju,Saheed Olagunju,Wolves,DEF,a,4.0,0,0,0,0,0,0,0,0,0,0,0,0,0,0,0.0,0.0,0.0,0.0,0.0,0.0,-1.0,-0.5,0.0,False,0,0,0
767,Rawlings,Luke Rawlings,Wolves,MID,a,4.5,0,0,0,0,0,0,0,0,0,0,0,0,0,0,0.0,0.0,0.0,0.0,0.0,0.0,-1.0,-0.5,0.0,False,0,0,0
777,Ojinnaka,Temple Ojinnaka,Wolves,MID,u,4.5,0,0,0,0,0,0,0,0,0,0,0,0,0,0,0.0,0.0,0.0,0.0,0.0,0.0,0.0,0.0,0.0,False,0,0,0
778,Sutherland,Ethan Sutherland,Wolves,MID,a,4.5,0,0,0,0,0,0,0,0,0,0,0,0,0,0,0.0,0.0,0.0,0.0,0.0,0.0,-1.0,-0.5,0.0,False,0,0,0
809,Abbey,Jerome Abbey,Wolves,MID,a,4.5,0,0,0,0,0,0,0,0,0,0,0,0,0,0,0.0,0.0,0.0,0.0,0.0,0.0,-1.0,-0.5,0.0,False,0,0,0
3,Hein,Karl Hein,Arsenal,GKP,u,4.0,0,0,0,0,0,0,0,0,0,0,0,0,0,0,0.0,0.0,0.0,0.0,0.0,0.0,0.0,0.0,0.2,False,0,0,0
759,Salmon,Marli Salmon,Arsenal,DEF,a,4.0,0,0,0,0,0,0,0,0,0,0,0,0,0,0,0.0,0.0,0.0,0.0,0.0,0.0,1.0,1.0,0.0,False,0,0,0
629,Bentley,Daniel Bentley,Wolves,GKP,a,3.9,0,0,0,0,0,0,0,0,0,0,0,0,0,0,0.0,0.0,0.0,0.0,0.0,0.0,-1.0,-0.5,0.5,False,0,0,0
802,Lamadrid,Keiber Lamadrid,West Ham,MID,a,5.0,0,0,0,0,0,0,0,0,0,0,0,0,0,0,0.0,0.0,0.0,0.0,0.0,0.0,0.0,-0.5,0.0,False,0,0,0
752,Golambeckis,Airidas Golambeckis,West Ham,DEF,a,4.0,0,0,0,0,0,0,0,0,0,0,0,0,0,0,0.0,0.0,0.0,0.0,0.0,0.0,0.0,-0.5,0.0,False,0,0,0
63,Young,Kadan Young,Aston Villa,MID,u,4.3,0,0,0,0,0,0,0,0,0,0,0,0,0,0,0.0,0.0,0.0,0.0,0.0,0.0,0.0,0.0,0.5,False,0,0,0
61,Dendoncker,Leander Dendoncker,Aston Villa,MID,u,4.5,0,0,0,0,0,0,0,0,0,0,0,0,0,0,0.0,0.0,0.0,0.0,0.0,0.0,0.0,0.0,0.1,False,0,0,0
60,Broggio,Ben Broggio,Aston Villa,MID,u,4.4,0,0,0,0,0,0,0,0,0,0,0,0,0,0,0.0,0.0,0.0,0.0,0.0,0.0,0.0,0.0,0.3,False,0,0,0
57,Dobbin,Lewis Dobbin,Aston Villa,MID,u,5.0,0,0,0,0,0,0,0,0,0,0,0,0,0,0,0.0,0.0,0.0,0.0,0.0,0.0,0.0,0.0,0.0,False,0,0,0
56,Barrenechea,Enzo Barrenechea,Aston Villa,MID,u,5.0,0,0,0,0,0,0,0,0,0,0,0,0,0,0,0.0,0.0,0.0,0.0,0.0,0.0,0.0,0.0,0.0,False,0,0,0
51,Iling Jr,Samuel Iling-Junior,Aston Villa,MID,u,5.5,0,0,0,0,0,0,0,0,0,0,0,0,0,0,0.0,0.0,0.0,0.0,0.0,0.0,0.0,0.0,0.0,False,0,0,0
781,Carroll,TJ Carroll,Aston Villa,DEF,a,4.0,0,0,0,0,0,0,0,0,0,0,0,0,0,0,0.0,0.0,0.0,0.0,0.0,0.0,-0.5,-0.5,0.0,False,0,0,0
768,Leon Routh,Leon Routh,Aston Villa,DEF,a,4.0,0,0,0,0,0,0,0,0,0,0,0,0,0,0,0.0,0.0,0.0,0.0,0.0,0.0,-0.5,-0.5,0.0,False,0,0,0
757,Hollingshead,Ronnie Hollingshead,Aston Villa,GKP,a,4.0,0,0,0,0,0,0,0,0,0,0,0,0,0,0,0.0,0.0,0.0,0.0,0.0,0.0,-0.5,-0.5,0.0,False,0,0,0
710,Patterson,Travis Patterson,Aston Villa,DEF,a,3.9,0,0,0,0,0,0,0,0,0,0,0,0,0,0,0.0,0.0,0.0,0.0,0.0,0.0,-0.5,-0.5,0.2,False,0,0,0
703,Proctor,Sam Proctor,Aston Villa,GKP,a,3.9,0,0,0,0,0,0,0,0,0,0,0,0,0,0,0.0,0.0,0.0,0.0,0.0,0.0,-0.5,-0.5,0.6,False,0,0,0
701,Rowe,Triston Rowe,Aston Villa,DEF,u,4.0,0,0,0,0,0,0,0,0,0,0,0,0,0,0,0.0,0.0,0.0,0.0,0.0,0.0,0.0,0.0,0.1,False,0,0,0
383,Luis Díaz,Luis Díaz Marulanda,Liverpool,MID,u,8.0,0,0,0,0,0,0,0,0,0,0,0,0,0,0,0.0,0.0,0.0,0.0,0.0,0.0,0.0,0.0,0.0,False,0,0,0
380,Ramsay,Calvin Ramsay,Liverpool,DEF,a,3.8,0,0,0,0,0,0,0,0,0,0,0,0,0,0,0.0,0.0,0.0,0.0,0.0,0.0,1.0,0.5,0.2,False,0,0,0
379,R.Williams,Rhys Williams,Liverpool,DEF,a,3.7,0,0,0,0,0,0,0,0,0,0,0,0,0,0,0.0,0.0,0.0,0.0,0.0,0.0,1.0,0.5,0.6,False,0,0,0
378,Nallo,Amara Nallo,Liverpool,DEF,a,3.7,0,0,0,0,0,0,0,0,0,0,0,0,0,0,0.0,0.0,0.0,0.0,0.0,0.0,1.0,0.5,1.1,False,0,0,0
377,Tsimikas,Konstantinos Tsimikas,Liverpool,DEF,u,4.8,0,0,0,0,0,0,0,0,0,0,0,0,0,0,0.0,0.0,0.0,0.0,0.0,0.0,0.0,0.0,0.0,False,0,0,0
454,Antony,Antony dos Santos,Man Utd,MID,u,5.9,0,0,0,0,0,0,0,0,0,0,0,0,0,0,0.0,0.0,0.0,0.0,0.0,0.0,0.0,0.0,0.1,False,0,0,0
451,Rashford,Marcus Rashford,Man Utd,MID,u,7.0,0,0,0,0,0,0,0,0,0,0,0,0,0,0,0.0,0.0,0.0,0.0,0.0,0.0,0.0,0.0,0.0,False,0,0,0
445,Amass,Harry Amass,Man Utd,DEF,u,4.0,0,0,0,0,0,0,0,0,0,0,0,0,0,0,0.0,0.0,0.0,0.0,0.0,0.0,0.0,0.0,0.1,False,0,0,0
760,Lucky,Wellity Lucky,Liverpool,DEF,a,4.0,0,0,0,0,0,0,0,0,0,0,0,0,0,0,0.0,0.0,0.0,0.0,0.0,0.0,1.0,0.5,0.0,False,0,0,0
746,Morrison,Kieran Morrison,Liverpool,MID,a,4.5,0,0,0,0,0,0,0,0,0,0,0,0,0,0,0.0,0.0,0.0,0.0,0.0,0.0,1.0,0.5,0.0,False,0,0,0
692,Leoni,Giovanni Leoni,Liverpool,DEF,i,4.9,0,0,0,0,0,0,0,0,0,0,0,0,0,0,0.0,0.0,0.0,0.0,0.0,0.0,0.0,0.0,0.0,False,0,0,0
398,Danns,Jayden Danns,Liverpool,FWD,i,4.3,0,0,0,0,0,0,0,0,0,0,0,0,0,0,0.0,0.0,0.0,0.0,0.0,0.0,0.0,0.0,0.1,False,0,0,0
397,Darwin,Darwin Núñez Ribeiro,Liverpool,FWD,u,6.5,0,0,0,0,0,0,0,0,0,0,0,0,0,0,0.0,0.0,0.0,0.0,0.0,0.0,0.0,0.0,0.1,False,0,0,0
395,Morton,Tyler Morton,Liverpool,MID,u,4.5,0,0,0,0,0,0,0,0,0,0,0,0,0,0,0.0,0.0,0.0,0.0,0.0,0.0,0.0,0.0,0.0,False,0,0,0
394,McConnell,James McConnell,Liverpool,MID,u,4.4,0,0,0,0,0,0,0,0,0,0,0,0,0,0,0.0,0.0,0.0,0.0,0.0,0.0,0.0,0.0,0.0,False,0,0,0
393,Bajcetic,Stefan Bajčetić Maquieira,Liverpool,MID,i,4.2,0,0,0,0,0,0,0,0,0,0,0,0,0,0,0.0,0.0,0.0,0.0,0.0,0.0,0.0,0.0,0.1,False,0,0,0
357,Ramazani,Largie Ramazani,Leeds,MID,u,4.9,0,0,0,0,0,0,0,0,0,0,0,0,0,0,0.0,0.0,0.0,0.0,0.0,0.0,0.0,0.0,0.0,False,0,0,0
355,Greenwood,Sam Greenwood,Leeds,MID,u,4.9,0,0,0,0,0,0,0,0,0,0,0,0,0,0,0.0,0.0,0.0,0.0,0.0,0.0,0.0,0.0,0.0,False,0,0,0
349,Schmidt,Isaac Schmidt,Leeds,DEF,u,4.0,0,0,0,0,0,0,0,0,0,0,0,0,0,0,0.0,0.0,0.0,0.0,0.0,0.0,0.0,0.0,0.1,False,0,0,0
468,Wheatley,Ethan Wheatley,Man Utd,FWD,u,4.5,0,0,0,0,0,0,0,0,0,0,0,0,0,0,0.0,0.0,0.0,0.0,0.0,0.0,0.0,0.0,0.1,False,0,0,0
467,Obi,Chido Obi,Man Utd,FWD,a,4.2,0,0,0,0,0,0,0,0,0,0,0,0,0,0,0.0,0.0,0.0,0.0,0.0,0.0,0.5,0.5,1.5,False,0,0,0
465,Højlund,Rasmus Højlund,Man Utd,FWD,u,6.3,0,0,0,0,0,0,0,0,0,0,0,0,0,0,0.0,0.0,0.0,0.0,0.0,0.0,0.0,0.0,0.3,False,0,0,0
464,Moorhouse,Jack Moorhouse,Man Utd,MID,u,4.5,0,0,0,0,0,0,0,0,0,0,0,0,0,0,0.0,0.0,0.0,0.0,0.0,0.0,0.0,0.0,0.0,False,0,0,0
463,Kone,Sékou Koné,Man Utd,MID,u,4.3,0,0,0,0,0,0,0,0,0,0,0,0,0,0,0.0,0.0,0.0,0.0,0.0,0.0,0.0,0.0,0.1,False,0,0,0
461,Fitzgerald,Jayce Fitzgerald,Man Utd,MID,a,4.3,0,0,0,0,0,0,0,0,0,0,0,0,0,0,0.0,0.0,0.0,0.0,0.0,0.0,0.5,0.5,0.0,False,0,0,0
460,Collyer,Toby Collyer,Man Utd,MID,u,4.5,0,0,0,0,0,0,0,0,0,0,0,0,0,0,0.0,0.0,0.0,0.0,0.0,0.0,0.0,0.0,0.0,False,0,0,0
369,Woodman,Freddie Woodman,Liverpool,GKP,a,3.9,0,0,0,0,0,0,0,0,0,0,0,0,0,0,0.0,0.0,0.0,0.0,0.0,0.0,1.0,0.5,0.2,False,0,0,0
368,Pécsi,Ármin Pécsi,Liverpool,GKP,a,3.8,0,0,0,0,0,0,0,0,0,0,0,0,0,0,0.0,0.0,0.0,0.0,0.0,0.0,1.0,0.5,0.9,False,0,0,0
787,Chambers,Sam Chambers,Leeds,MID,a,4.4,0,0,0,0,0,0,0,0,0,0,0,0,0,0,0.0,0.0,0.0,0.0,0.0,0.0,0.0,0.0,0.0,False,0,0,0
741,Gray,Harry Gray,Leeds,FWD,u,4.5,0,0,0,0,0,0,0,0,0,0,0,0,0,0,0.0,0.0,0.0,0.0,0.0,0.0,0.0,0.0,0.1,False,0,0,0
364,Mateo Joseph,Mateo Joseph Fernández-Regatillo,Leeds,FWD,u,5.0,0,0,0,0,0,0,0,0,0,0,0,0,0,0,0.0,0.0,0.0,0.0,0.0,0.0,0.0,0.0,0.0,False,0,0,0
363,Bamford,Patrick Bamford,Leeds,FWD,u,4.9,0,0,0,0,0,0,0,0,0,0,0,0,0,0,0.0,0.0,0.0,0.0,0.0,0.0,0.0,0.0,0.3,False,0,0,0
333,Godo,Martial Godo,Fulham,MID,u,4.5,0,0,0,0,0,0,0,0,0,0,0,0,0,0,0.0,0.0,0.0,0.0,0.0,0.0,0.0,0.0,0.0,False,0,0,0
327,Andreas,Andreas Hoelgebaum Pereira,Fulham,MID,u,5.3,0,0,0,0,0,0,0,0,0,0,0,0,0,0,0.0,0.0,0.0,0.0,0.0,0.0,0.0,0.0,0.1,False,0,0,0
323,Amissah,Samuel Amissah,Fulham,DEF,a,3.8,0,0,0,0,0,0,0,0,0,0,0,0,0,0,0.0,0.0,0.0,0.0,0.0,0.0,0.0,0.0,0.1,False,0,0,0
482,Ashby,Harrison Ashby,Newcastle,DEF,u,3.9,0,0,0,0,0,0,0,0,0,0,0,0,0,0,0.0,0.0,0.0,0.0,0.0,0.0,0.0,0.0,0.1,False,0,0,0
479,Krafth,Emil Krafth,Newcastle,DEF,i,4.3,0,45,0,0,0,2,0,0,0,0,0,0,0,-8,1.4,1.2,0.0,0.3,0.0,0.0,0.0,0.0,0.0,False,0,0,1
472,Odysseas,Odysseas Vlachodimos,Newcastle,GKP,u,4.0,0,0,0,0,0,0,0,0,0,0,0,0,0,0,0.0,0.0,0.0,0.0,0.0,0.0,0.0,0.0,0.0,False,0,0,0
471,Gillespie,Mark Gillespie,Newcastle,GKP,a,3.9,0,0,0,0,0,0,0,0,0,0,0,0,0,0,0.0,0.0,0.0,0.0,0.0,0.0,-0.5,-0.5,0.1,False,0,0,0
788,Kukonki,Godwill Kukonki,Man Utd,DEF,a,4.0,0,0,0,0,0,0,0,0,0,0,0,0,0,0,0.0,0.0,0.0,0.0,0.0,0.0,0.5,0.5,0.0,False,0,0,0
340,Cairns,Alex Cairns,Leeds,GKP,a,3.9,0,0,0,0,0,0,0,0,0,0,0,0,0,0,0.0,0.0,0.0,0.0,0.0,0.0,0.0,0.0,0.1,False,0,0,0
339,Meslier,Illan Meslier,Leeds,GKP,a,4.1,0,0,0,0,0,0,0,0,0,0,0,0,0,0,0.0,0.0,0.0,0.0,0.0,0.0,0.0,0.0,0.3,False,0,0,0
786,McNally,Alfie McNally,Fulham,GKP,a,4.0,0,0,0,0,0,0,0,0,0,0,0,0,0,0,0.0,0.0,0.0,0.0,0.0,0.0,0.0,0.0,0.0,False,0,0,0
770,Ridgeon,Seth Ridgeon,Fulham,MID,a,4.5,0,0,0,0,0,0,0,0,0,0,0,0,0,0,0.0,0.0,0.0,0.0,0.0,0.0,0.0,0.0,0.0,False,0,0,0
664,Lecomte,Benjamin Lecomte,Fulham,GKP,a,3.9,0,0,0,0,0,0,0,0,0,0,0,0,0,0,0.0,0.0,0.0,0.0,0.0,0.0,0.0,0.0,0.7,False,0,0,0
361,Gyabi,Darko Gyabi,Leeds,MID,u,4.5,0,0,0,0,0,0,0,0,0,0,0,0,0,0,0.0,0.0,0.0,0.0,0.0,0.0,0.0,0.0,0.0,False,0,0,0
360,Gelhardt,Joe Gelhardt,Leeds,MID,u,4.5,0,0,0,0,0,0,0,0,0,0,0,0,0,0,0.0,0.0,0.0,0.0,0.0,0.0,0.0,0.0,0.0,False,0,0,0
359,Crew,Charlie Crew,Leeds,MID,u,4.5,0,0,0,0,0,0,0,0,0,0,0,0,0,0,0.0,0.0,0.0,0.0,0.0,0.0,0.0,0.0,0.0,False,0,0,0
307,Ebere,Coby Ebere,Everton,MID,a,4.4,0,0,0,0,0,0,0,0,0,0,0,0,0,0,0.0,0.0,0.0,0.0,0.0,0.0,0.5,-1.0,0.0,False,0,0,0
306,Bates,Callum Bates,Everton,MID,a,4.3,0,0,0,0,0,0,0,0,0,0,0,0,0,0,0.0,0.0,0.0,0.0,0.0,0.0,0.5,-1.0,0.1,False,0,0,0
298,Welch,Reece Welch,Everton,DEF,a,3.8,0,0,0,0,0,0,0,0,0,0,0,0,0,0,0.0,0.0,0.0,0.0,0.0,0.0,0.5,-1.0,0.1,False,0,0,0
498,White,Joe White,Newcastle,MID,u,4.5,0,0,0,0,0,0,0,0,0,0,0,0,0,0,0.0,0.0,0.0,0.0,0.0,0.0,0.0,0.0,0.0,False,0,0,0
496,Kuol,Garang Kuol,Newcastle,MID,u,4.4,0,0,0,0,0,0,0,0,0,0,0,0,0,0,0.0,0.0,0.0,0.0,0.0,0.0,0.0,0.0,0.0,False,0,0,0
495,Hayden,Isaac Hayden,Newcastle,MID,u,4.5,0,0,0,0,0,0,0,0,0,0,0,0,0,0,0.0,0.0,0.0,0.0,0.0,0.0,0.0,0.0,0.0,False,0,0,0
492,Antoñito C.,Antoñito Cordero Campillo,Newcastle,MID,u,4.9,0,0,0,0,0,0,0,0,0,0,0,0,0,0,0.0,0.0,0.0,0.0,0.0,0.0,0.0,0.0,0.0,False,0,0,0
484,Targett,Matt Targett,Newcastle,DEF,u,4.0,0,0,0,0,0,0,0,0,0,0,0,0,0,0,0.0,0.0,0.0,0.0,0.0,0.0,0.0,0.0,0.1,False,0,0,0
483,Pivas,Miodrag Pivaš,Newcastle,DEF,a,3.8,0,0,0,0,0,0,0,0,0,0,0,0,0,0,0.0,0.0,0.0,0.0,0.0,0.0,-0.5,-0.5,0.4,False,0,0,0
315,Benda,Steven Benda,Fulham,GKP,u,4.0,0,0,0,0,0,0,0,0,0,0,0,0,0,0,0.0,0.0,0.0,0.0,0.0,0.0,0.0,0.0,0.0,False,0,0,0
779,Graham,Braiden Graham,Everton,FWD,a,4.5,0,0,0,0,0,0,0,0,0,0,0,0,0,0,0.0,0.0,0.0,0.0,0.0,0.0,0.5,-1.0,0.0,False,0,0,0
705,Campbell,Elijah Campbell,Everton,DEF,u,3.9,0,0,0,0,0,0,0,0,0,0,0,0,0,0,0.0,0.0,0.0,0.0,0.0,0.0,0.0,0.0,0.2,False,0,0,0
704,Onyango,Tyler Onyango,Everton,MID,u,4.5,0,0,0,0,0,0,0,0,0,0,0,0,0,0,0.0,0.0,0.0,0.0,0.0,0.0,0.0,0.0,0.0,False,0,0,0
667,Aznou,Adam Aznou,Everton,DEF,a,4.2,0,0,0,0,0,0,0,0,0,0,0,0,0,0,0.0,0.0,0.0,0.0,0.0,0.0,0.5,-1.0,0.1,False,0,0,0
630,King,Tom King,Everton,GKP,a,3.9,0,0,0,0,0,0,0,0,0,0,0,0,0,0,0.0,0.0,0.0,0.0,0.0,0.0,0.5,-1.0,1.3,False,0,0,0
334,Harris,Luke Harris,Fulham,MID,u,4.5,0,0,0,0,0,0,0,0,0,0,0,0,0,0,0.0,0.0,0.0,0.0,0.0,0.0,0.0,0.0,0.0,False,0,0,0
289,Tyrer,Harry Tyrer,Everton,GKP,u,3.9,0,0,0,0,0,0,0,0,0,0,0,0,0,0,0.0,0.0,0.0,0.0,0.0,0.0,0.0,0.0,0.1,False,0,0,0
288,Travers,Mark Travers,Everton,GKP,a,4.3,0,0,0,0,0,0,0,0,0,0,0,0,0,0,0.0,0.0,0.0,0.0,0.0,0.0,0.5,-1.0,0.1,False,0,0,0
798,Imray,Danny Imray,Crystal Palace,DEF,u,4.0,0,0,0,0,0,0,0,0,0,0,0,0,0,0,0.0,0.0,0.0,0.0,0.0,0.0,0.0,0.0,0.0,False,0,0,0
793,King,George King,Crystal Palace,DEF,a,4.0,0,0,0,0,0,0,0,0,0,0,0,0,0,0,0.0,0.0,0.0,0.0,0.0,0.0,0.0,0.0,0.0,False,0,0,0
780,Casey,Ben Casey,Crystal Palace,FWD,a,4.5,0,0,0,0,0,0,0,0,0,0,0,0,0,0,0.0,0.0,0.0,0.0,0.0,0.0,0.0,0.0,0.0,False,0,0,0
504,Turner,Matt Turner,Nott'm Forest,GKP,u,4.0,0,0,0,0,0,0,0,0,0,0,0,0,0,0,0.0,0.0,0.0,0.0,0.0,0.0,0.0,0.0,0.1,False,0,0,0
503,C.Miguel,Carlos Miguel dos Santos Pereira,Nott'm Forest,GKP,u,4.0,0,0,0,0,0,0,0,0,0,0,0,0,0,0,0.0,0.0,0.0,0.0,0.0,0.0,0.0,0.0,0.1,False,0,0,0
772,Alabi,Sam Alabi,Newcastle,MID,a,4.5,0,0,0,0,0,0,0,0,0,0,0,0,0,0,0.0,0.0,0.0,0.0,0.0,0.0,-0.5,-0.5,0.0,False,0,0,0
765,Shahar,Leo Shahar,Newcastle,DEF,a,4.0,0,0,0,0,0,0,0,0,0,0,0,0,0,0,0.0,0.0,0.0,0.0,0.0,0.0,-0.5,-0.5,0.0,False,0,0,0
753,Ruddy,John Ruddy,Newcastle,GKP,a,4.0,0,0,0,0,0,0,0,0,0,0,0,0,0,0,0.0,0.0,0.0,0.0,0.0,0.0,-0.5,-0.5,0.0,False,0,0,0
689,Seung soo,Seung-Soo Park,Newcastle,MID,a,4.3,0,0,0,0,0,0,0,0,0,0,0,0,0,0,0.0,0.0,0.0,0.0,0.0,0.0,-0.5,-0.5,0.5,False,0,0,0
501,Neave,Sean Neave,Newcastle,FWD,a,4.3,0,0,0,0,0,0,0,0,0,0,0,0,0,0,0.0,0.0,0.0,0.0,0.0,0.0,-0.5,-0.5,0.3,False,0,0,0
313,Sherif,Martin Sherif,Everton,FWD,u,4.4,0,0,0,0,0,0,0,0,0,0,0,0,0,0,0.0,0.0,0.0,0.0,0.0,0.0,0.0,0.0,0.1,False,0,0,0
312,Y.Chermiti,Youssef Ramalho Chermiti,Everton,FWD,u,4.9,0,0,0,0,0,0,0,0,0,0,0,0,0,0,0.0,0.0,0.0,0.0,0.0,0.0,0.0,0.0,0.1,False,0,0,0
309,Metcalfe,Jenson Metcalfe,Everton,MID,u,4.5,0,0,0,0,0,0,0,0,0,0,0,0,0,0,0.0,0.0,0.0,0.0,0.0,0.0,0.0,0.0,0.0,False,0,0,0
308,Heath,Isaac Heath,Everton,MID,u,4.5,0,0,0,0,0,0,0,0,0,0,0,0,0,0,0.0,0.0,0.0,0.0,0.0,0.0,0.0,0.0,0.0,False,0,0,0
277,Ebiowei,Malcolm Ebiowei,Crystal Palace,MID,u,4.5,0,0,0,0,0,0,0,0,0,0,0,0,0,0,0.0,0.0,0.0,0.0,0.0,0.0,0.0,0.0,0.0,False,0,0,0
275,Ahamada,Naouirou Ahamada,Crystal Palace,MID,u,4.3,0,0,0,0,0,0,0,0,0,0,0,0,0,0,0.0,0.0,0.0,0.0,0.0,0.0,0.0,0.0,0.0,False,0,0,0
274,Agbinone,Asher Agbinone,Crystal Palace,MID,a,4.3,0,0,0,0,0,0,0,0,0,0,0,0,0,0,0.0,0.0,0.0,0.0,0.0,0.0,0.0,0.0,0.1,False,0,0,0
268,Doucouré,Cheick Doucouré,Crystal Palace,MID,i,4.9,0,0,0,0,0,0,0,0,0,0,0,0,0,0,0.0,0.0,0.0,0.0,0.0,0.0,0.0,0.0,0.0,False,0,0,0
265,Kporha,Caleb Kporha,Crystal Palace,DEF,a,4.0,0,0,0,0,0,0,0,0,0,0,0,0,0,0,0.0,0.0,0.0,0.0,0.0,0.0,0.0,0.0,0.0,False,0,0,0
264,Holding,Rob Holding,Crystal Palace,DEF,u,4.0,0,0,0,0,0,0,0,0,0,0,0,0,0,0,0.0,0.0,0.0,0.0,0.0,0.0,0.0,0.0,0.0,False,0,0,0
520,O'Brien,Lewis O'Brien,Nott'm Forest,MID,u,5.0,0,0,0,0,0,0,0,0,0,0,0,0,0,0,0.0,0.0,0.0,0.0,0.0,0.0,0.0,0.0,0.0,False,0,0,0
514,Boly,Willy Boly,Nott'm Forest,DEF,i,3.8,0,0,0,0,0,0,0,0,0,0,0,0,0,0,0.0,0.0,0.0,0.0,0.0,0.0,0.0,0.0,0.4,False,0,0,0
512,O.Richards,Omar Richards,Nott'm Forest,DEF,u,4.5,0,0,0,0,0,0,0,0,0,0,0,0,0,0,0.0,0.0,0.0,0.0,0.0,0.0,0.0,0.0,0.0,False,0,0,0
509,David Carmo,David Mota Veiga Teixeira do Carmo,Nott'm Forest,DEF,u,4.5,0,0,0,0,0,0,0,0,0,0,0,0,0,0,0.0,0.0,0.0,0.0,0.0,0.0,0.0,0.0,0.0,False,0,0,0
773,Benamar,Dean Benamar,Crystal Palace,DEF,a,4.0,0,0,0,0,0,0,0,0,0,0,0,0,0,0,0.0,0.0,0.0,0.0,0.0,0.0,0.0,0.0,0.0,False,0,0,0
690,Cardines,Rio Cardines,Crystal Palace,MID,a,4.4,0,0,0,0,0,0,0,0,0,0,0,0,0,0,0.0,0.0,0.0,0.0,0.0,0.0,0.0,0.0,0.3,False,0,0,0
286,Marsh,Zach Marsh,Crystal Palace,FWD,a,4.4,0,0,0,0,0,0,0,0,0,0,0,0,0,0,0.0,0.0,0.0,0.0,0.0,0.0,0.0,0.0,0.3,False,0,0,0
282,Umeh,Franco Umeh-Chibueze,Crystal Palace,MID,u,4.5,0,0,0,0,0,0,0,0,0,0,0,0,0,0,0.0,0.0,0.0,0.0,0.0,0.0,0.0,0.0,0.0,False,0,0,0
280,Ozoh,David Ozoh,Crystal Palace,MID,u,4.5,0,0,0,0,0,0,0,0,0,0,0,0,0,0,0.0,0.0,0.0,0.0,0.0,0.0,0.0,0.0,0.0,False,0,0,0
297,Dixon,Roman Dixon,Everton,DEF,u,3.8,0,0,0,0,0,0,0,0,0,0,0,0,0,0,0.0,0.0,0.0,0.0,0.0,0.0,0.0,0.0,0.2,False,0,0,0
247,D.Essugo,Dário Luís Essugo,Chelsea,MID,a,4.3,0,0,0,0,0,0,0,0,0,0,0,0,0,0,0.0,0.0,0.0,0.0,0.0,0.0,0.2,0.5,0.1,False,0,0,0
245,Mudryk,Mykhailo Mudryk,Chelsea,MID,s,4.9,0,0,0,0,0,0,0,0,0,0,0,0,0,0,0.0,0.0,0.0,0.0,0.0,0.0,0.0,0.0,0.0,False,0,0,0
240,Nkunku,Christopher Nkunku,Chelsea,MID,u,5.9,0,0,0,0,0,0,0,0,0,0,0,0,0,0,0.0,0.0,0.0,0.0,0.0,0.0,0.0,0.0,0.1,False,0,0,0
234,Anselmino,Aarón Anselmino,Chelsea,DEF,u,4.0,0,0,0,0,0,0,0,0,0,0,0,0,0,0,0.0,0.0,0.0,0.0,0.0,0.0,0.0,0.0,0.1,False,0,0,0
528,Patterson,Anthony Patterson,Sunderland,GKP,u,4.2,0,0,0,0,0,0,0,0,0,0,0,0,0,0,0.0,0.0,0.0,0.0,0.0,0.0,0.0,0.0,0.2,False,0,0,0
729,Cuiabano,Luis Eduardo Soares da Silva,Nott'm Forest,DEF,u,4.5,0,0,0,0,0,0,0,0,0,0,0,0,0,0,0.0,0.0,0.0,0.0,0.0,0.0,0.0,0.0,0.0,False,0,0,0
524,Stamenic,Marko Stamenić,Nott'm Forest,MID,u,4.5,0,0,0,0,0,0,0,0,0,0,0,0,0,0,0.0,0.0,0.0,0.0,0.0,0.0,0.0,0.0,0.0,False,0,0,0
523,Da Silva Moreira,Eric da Silva Moreira,Nott'm Forest,MID,a,4.5,0,0,0,0,0,0,0,0,0,0,0,0,0,0,0.0,0.0,0.0,0.0,0.0,0.0,-0.5,0.0,0.1,False,0,0,0
255,Matthews,Remi Matthews,Crystal Palace,GKP,a,3.9,0,0,0,0,0,0,0,0,0,0,0,0,0,0,0.0,0.0,0.0,0.0,0.0,0.0,0.0,0.0,0.1,False,0,0,0
254,Benitez,Walter Benítez,Crystal Palace,GKP,a,4.0,0,0,0,0,0,0,0,0,0,0,0,0,0,0,0.0,0.0,0.0,0.0,0.0,0.0,0.0,0.0,0.3,False,0,0,0
803,Sharman-Lowe,Teddy Sharman-Lowe,Chelsea,GKP,a,4.0,0,0,0,0,0,0,0,0,0,0,0,0,0,0,0.0,0.0,0.0,0.0,0.0,0.0,0.5,0.5,0.0,False,0,0,0
789,Merrick,Max Merrick,Chelsea,GKP,a,4.0,0,0,0,0,0,0,0,0,0,0,0,0,0,0,0.0,0.0,0.0,0.0,0.0,0.0,0.5,0.5,0.0,False,0,0,0
743,Emenalo,Landon Emenalo,Chelsea,MID,a,4.5,0,0,0,0,0,0,0,0,0,0,0,0,0,0,0.0,0.0,0.0,0.0,0.0,0.0,0.5,0.5,0.0,False,0,0,0
251,N.Jackson,Nicolas Jackson,Chelsea,FWD,u,6.5,0,0,0,0,0,0,0,0,0,0,0,0,0,0,0.0,0.0,0.0,0.0,0.0,0.0,0.0,0.0,0.1,False,0,0,0
279,M.França,Matheus França de Oliveira,Crystal Palace,MID,u,4.5,0,0,0,0,0,0,0,0,0,0,0,0,0,0,0.0,0.0,0.0,0.0,0.0,0.0,0.0,0.0,0.0,False,0,0,0
278,J.Rak-Sakyi,Jesurun Rak-Sakyi,Crystal Palace,MID,u,4.4,0,0,0,0,0,0,0,0,0,0,0,0,0,0,0.0,0.0,0.0,0.0,0.0,0.0,0.0,0.0,0.0,False,0,0,0
176,Mazilu,Adrian Mazilu,Brighton,MID,u,4.5,0,0,0,0,0,0,0,0,0,0,0,0,0,0,0.0,0.0,0.0,0.0,0.0,0.0,0.0,0.0,0.0,False,0,0,0
174,Yalcouye,Malick Yalcouyé,Brighton,MID,u,5.0,0,0,0,0,0,0,0,0,0,0,0,0,0,0,0.0,0.0,0.0,0.0,0.0,0.0,0.0,0.0,0.0,False,0,0,0
171,Sarmiento,Jeremy Sarmiento Morante,Brighton,MID,u,4.9,0,0,0,0,0,0,0,0,0,0,0,0,0,0,0.0,0.0,0.0,0.0,0.0,0.0,0.0,0.0,0.0,False,0,0,0
540,Pembele,Timothée Pembélé,Sunderland,DEF,u,3.9,0,0,0,0,0,0,0,0,0,0,0,0,0,0,0.0,0.0,0.0,0.0,0.0,0.0,0.0,0.0,0.3,False,0,0,0
538,Johnson,Zak Johnson,Sunderland,DEF,u,3.8,0,0,0,0,0,0,0,0,0,0,0,0,0,0,0.0,0.0,0.0,0.0,0.0,0.0,0.0,0.0,0.2,False,0,0,0
537,Huggins,Niall Huggins,Sunderland,DEF,u,4.0,0,0,0,0,0,0,0,0,0,0,0,0,0,0,0.0,0.0,0.0,0.0,0.0,0.0,0.0,0.0,0.1,False,0,0,0
536,Hjelde,Leo Fuhr Hjelde,Sunderland,DEF,u,4.0,0,0,0,0,0,0,0,0,0,0,0,0,0,0,0.0,0.0,0.0,0.0,0.0,0.0,0.0,0.0,0.0,False,0,0,0
534,Anderson,Joe Anderson,Sunderland,DEF,u,3.8,0,0,0,0,0,0,0,0,0,0,0,0,0,0,0.0,0.0,0.0,0.0,0.0,0.0,0.0,0.0,0.3,False,0,0,0
533,Alese,Aji Alese,Sunderland,DEF,u,4.0,0,0,0,0,0,0,0,0,0,0,0,0,0,0,0.0,0.0,0.0,0.0,0.0,0.0,0.0,0.0,0.0,False,0,0,0
530,Nna Noukeu,Blondy Nna Noukeu,Sunderland,GKP,u,3.9,0,0,0,0,0,0,0,0,0,0,0,0,0,0,0.0,0.0,0.0,0.0,0.0,0.0,0.0,0.0,0.1,False,0,0,0
529,Moore,Simon Moore,Sunderland,GKP,a,3.9,0,0,0,0,0,0,0,0,0,0,0,0,0,0,0.0,0.0,0.0,0.0,0.0,0.0,0.0,0.0,0.4,False,0,0,0
227,Colwill,Levi Samuels Colwill,Chelsea,DEF,i,4.7,0,0,0,0,0,0,0,0,0,0,0,0,0,0,0.0,0.0,0.0,0.0,0.0,0.0,0.0,0.0,0.1,False,0,0,0
223,Slonina,Gabriel Słonina,Chelsea,GKP,a,3.9,0,0,0,0,0,0,0,0,0,0,0,0,0,0,0.0,0.0,0.0,0.0,0.0,0.0,0.5,0.5,0.1,False,0,0,0
222,Penders,Mike Penders,Chelsea,GKP,u,4.0,0,0,0,0,0,0,0,0,0,0,0,0,0,0,0.0,0.0,0.0,0.0,0.0,0.0,0.0,0.0,0.0,False,0,0,0
761,Simmonds,Freddie Simmonds,Brighton,DEF,a,4.0,0,0,0,0,0,0,0,0,0,0,0,0,0,0,0.0,0.0,0.0,0.0,0.0,0.0,-1.0,0.0,0.0,False,0,0,0
248,Paez,Kendry Páez Andrade,Chelsea,MID,u,4.5,0,0,0,0,0,0,0,0,0,0,0,0,0,0,0.0,0.0,0.0,0.0,0.0,0.0,0.0,0.0,0.0,False,0,0,0
161,Enciso,Julio Enciso Espínola,Brighton,MID,u,5.4,0,0,0,0,0,0,0,0,0,0,0,0,0,0,0.0,0.0,0.0,0.0,0.0,0.0,0.0,0.0,0.0,False,0,0,0
156,Tasker,Charlie Tasker,Brighton,DEF,a,3.8,0,0,0,0,0,0,0,0,0,0,0,0,0,0,0.0,0.0,0.0,0.0,0.0,0.0,-1.0,0.0,0.2,False,0,0,0
155,Slater,Jacob Slater,Brighton,DEF,u,4.0,0,0,0,0,0,0,0,0,0,0,0,0,0,0,0.0,0.0,0.0,0.0,0.0,0.0,0.0,0.0,0.1,False,0,0,0
154,Cashin,Eiran Cashin,Brighton,DEF,u,4.0,0,0,0,0,0,0,0,0,0,0,0,0,0,0,0.0,0.0,0.0,0.0,0.0,0.0,0.0,0.0,0.0,False,0,0,0
153,Webster,Adam Webster,Brighton,DEF,i,4.4,0,0,0,0,0,0,0,0,0,0,0,0,0,0,0.0,0.0,0.0,0.0,0.0,0.0,0.0,0.0,0.0,False,0,0,0
150,Lamptey,Tariq Lamptey,Brighton,DEF,u,4.4,0,0,0,0,0,0,0,0,0,0,0,0,0,0,0.0,0.0,0.0,0.0,0.0,0.0,0.0,0.0,0.1,False,0,0,0
559,Triantis,Nectarios Triantis,Sunderland,MID,u,4.4,0,0,0,0,0,0,0,0,0,0,0,0,0,0,0.0,0.0,0.0,0.0,0.0,0.0,0.0,0.0,0.0,False,0,0,0
558,Matete,Jay Matete,Sunderland,MID,u,4.3,0,0,0,0,0,0,0,0,0,0,0,0,0,0,0.0,0.0,0.0,0.0,0.0,0.0,0.0,0.0,0.2,False,0,0,0
557,H.Jones,Harrison Jones,Sunderland,MID,a,4.3,0,0,0,0,0,0,0,0,0,0,0,0,0,0,0.0,0.0,0.0,0.0,0.0,0.0,0.0,0.0,0.1,False,0,0,0
556,Ekwah,Pierre Ekwah Elimby,Sunderland,MID,u,4.5,0,0,0,0,0,0,0,0,0,0,0,0,0,0,0.0,0.0,0.0,0.0,0.0,0.0,0.0,0.0,0.0,False,0,0,0
555,Browne,Alan Browne,Sunderland,MID,u,4.5,0,0,0,0,0,0,0,0,0,0,0,0,0,0,0.0,0.0,0.0,0.0,0.0,0.0,0.0,0.0,0.0,False,0,0,0
554,Ba,Abdoullah Ba,Sunderland,MID,a,4.3,0,0,0,0,0,0,0,0,0,0,0,0,0,0,0.0,0.0,0.0,0.0,0.0,0.0,0.0,0.0,0.3,False,0,0,0
550,Poveda,Ian Poveda-Ocampo,Sunderland,MID,a,4.8,0,0,0,0,0,0,0,0,0,0,0,0,0,0,0.0,0.0,0.0,0.0,0.0,0.0,0.0,0.0,0.0,False,0,0,0
546,Aleksić,Milan Aleksić,Sunderland,MID,a,4.9,0,0,0,0,0,0,0,0,0,0,0,0,0,0,0.0,0.0,0.0,0.0,0.0,0.0,0.0,0.0,0.0,False,0,0,0
179,Ferguson,Evan Ferguson,Brighton,FWD,u,5.5,0,0,0,0,0,0,0,0,0,0,0,0,0,0,0.0,0.0,0.0,0.0,0.0,0.0,0.0,0.0,0.0,False,0,0,0
177,Moran,Andrew Moran,Brighton,MID,u,4.5,0,0,0,0,0,0,0,0,0,0,0,0,0,0,0.0,0.0,0.0,0.0,0.0,0.0,0.0,0.0,0.0,False,0,0,0
127,Nunes,Gustavo Nunes Fernandes Gomes,Brentford,MID,u,4.9,0,0,0,0,0,0,0,0,0,0,0,0,0,0,0.0,0.0,0.0,0.0,0.0,0.0,0.0,0.0,0.0,False,0,0,0
775,Tutierov,Tymur Tutierov,Sunderland,MID,u,4.5,0,0,0,0,0,0,0,0,0,0,0,0,0,0,0.0,0.0,0.0,0.0,0.0,0.0,0.0,0.0,0.0,False,0,0,0
774,Jenson Jones,Jenson Jones,Sunderland,DEF,a,4.0,0,0,0,0,0,0,0,0,0,0,0,0,0,0,0.0,0.0,0.0,0.0,0.0,0.0,0.0,0.0,0.0,False,0,0,0
564,Rusyn,Nazarii Rusyn,Sunderland,FWD,u,4.4,0,0,0,0,0,0,0,0,0,0,0,0,0,0,0.0,0.0,0.0,0.0,0.0,0.0,0.0,0.0,0.1,False,0,0,0
563,Luís Hemir,Luís Hemir Silva Semedo,Sunderland,FWD,u,4.4,0,0,0,0,0,0,0,0,0,0,0,0,0,0,0.0,0.0,0.0,0.0,0.0,0.0,0.0,0.0,0.1,False,0,0,0
562,Abdullahi,Ahmed Abdullahi,Sunderland,FWD,a,4.2,0,0,0,0,0,0,0,0,0,0,0,0,0,0,0.0,0.0,0.0,0.0,0.0,0.0,0.0,0.0,0.5,False,0,0,0
147,Estupiñan,Pervis Estupiñán Tenorio,Brighton,DEF,u,4.5,0,0,0,0,0,0,0,0,0,0,0,0,0,0,0.0,0.0,0.0,0.0,0.0,0.0,0.0,0.0,0.0,False,0,0,0
142,Scherpen,Kjell Scherpen,Brighton,GKP,u,4.0,0,0,0,0,0,0,0,0,0,0,0,0,0,0,0.0,0.0,0.0,0.0,0.0,0.0,0.0,0.0,0.0,False,0,0,0
141,Rushworth,Carl Rushworth,Brighton,GKP,u,4.0,0,0,0,0,0,0,0,0,0,0,0,0,0,0,0.0,0.0,0.0,0.0,0.0,0.0,0.0,0.0,0.0,False,0,0,0
140,McGill,Tom McGill,Brighton,GKP,a,3.9,0,0,0,0,0,0,0,0,0,0,0,0,0,0,0.0,0.0,0.0,0.0,0.0,0.0,-1.0,0.0,0.3,False,0,0,0
138,Steele,Jason Steele,Brighton,GKP,a,4.2,0,0,0,0,0,0,0,0,0,0,0,0,0,0,0.0,0.0,0.0,0.0,0.0,0.0,-1.0,0.0,0.2,False,0,0,0
819,Shield,Ollie Shield,Brentford,DEF,a,4.0,0,0,0,0,0,0,0,0,0,0,0,0,0,0,0.0,0.0,0.0,0.0,0.0,0.0,0.0,0.5,0.0,False,0,0,0
810,Bentt,Luka Bentt,Brentford,MID,a,4.5,0,0,0,0,0,0,0,0,0,0,0,0,0,0,0.0,0.0,0.0,0.0,0.0,0.0,0.0,0.5,0.0,False,0,0,0
797,Furo,Kaye Furo,Brentford,FWD,a,4.5,0,0,0,0,0,0,0,0,0,0,0,0,0,0,0.0,0.0,0.0,0.0,0.0,0.0,0.0,0.5,0.0,False,0,0,0
748,Dasilva,Josh Dasilva,Brentford,MID,i,4.9,0,0,0,0,0,0,0,0,0,0,0,0,0,0,0.0,0.0,0.0,0.0,0.0,0.0,0.0,0.0,0.0,False,0,0,0
165,Sima,Abdallah Sima,Brighton,MID,u,5.4,0,0,0,0,0,0,0,0,0,0,0,0,0,0,0.0,0.0,0.0,0.0,0.0,0.0,0.0,0.0,0.0,False,0,0,0
118,Meghoma,Jayden Meghoma,Brentford,DEF,u,4.0,0,0,0,0,0,0,0,0,0,0,0,0,0,0,0.0,0.0,0.0,0.0,0.0,0.0,0.0,0.0,0.0,False,0,0,0
117,Ji-soo,Kim Ji-soo,Brentford,DEF,u,3.9,0,0,0,0,0,0,0,0,0,0,0,0,0,0,0.0,0.0,0.0,0.0,0.0,0.0,0.0,0.0,0.1,False,0,0,0
115,Fredrick,Benjamin Fredrick,Brentford,DEF,u,4.0,0,0,0,0,0,0,0,0,0,0,0,0,0,0,0.0,0.0,0.0,0.0,0.0,0.0,0.0,0.0,0.1,False,0,0,0
114,Arthur,Benjamin Arthur,Brentford,DEF,u,3.8,0,0,0,0,0,0,0,0,0,0,0,0,0,0,0.0,0.0,0.0,0.0,0.0,0.0,0.0,0.0,0.2,False,0,0,0
112,Roerslev,Mads Roerslev Rasmussen,Brentford,DEF,u,4.5,0,0,0,0,0,0,0,0,0,0,0,0,0,0,0.0,0.0,0.0,0.0,0.0,0.0,0.0,0.0,0.0,False,0,0,0
104,Eyestone,Julian Eyestone,Brentford,GKP,a,3.9,0,0,0,0,0,0,0,0,0,0,0,0,0,0,0.0,0.0,0.0,0.0,0.0,0.0,0.0,0.5,0.1,False,0,0,0
579,Son,Son Heung-min,Spurs,MID,u,8.5,0,0,0,0,0,0,0,0,0,0,0,0,0,0,0.0,0.0,0.0,0.0,0.0,0.0,0.0,0.0,0.1,False,0,0,0
578,Vuskovic,Luka Vušković,Spurs,DEF,u,3.9,0,0,0,0,0,0,0,0,0,0,0,0,0,0,0.0,0.0,0.0,0.0,0.0,0.0,0.0,0.0,0.3,False,0,0,0
577,Takai,Takai Kōta,Spurs,DEF,u,4.0,0,0,0,0,0,0,0,0,0,0,0,0,0,0,0.0,0.0,0.0,0.0,0.0,0.0,0.0,0.0,0.0,False,0,0,0
576,Phillips,Ashley Phillips,Spurs,DEF,u,4.0,0,0,0,0,0,0,0,0,0,0,0,0,0,0,0.0,0.0,0.0,0.0,0.0,0.0,0.0,0.0,0.0,False,0,0,0
567,Kinsky,Antonín Kinský,Spurs,GKP,a,3.9,0,0,0,0,0,0,0,0,0,0,0,0,0,0,0.0,0.0,0.0,0.0,0.0,0.0,0.0,-0.5,1.6,False,0,0,0
566,Austin,Brandon Austin,Spurs,GKP,a,3.9,0,0,0,0,0,0,0,0,0,0,0,0,0,0,0.0,0.0,0.0,0.0,0.0,0.0,0.0,-0.5,0.3,False,0,0,0
137,Morgan,Iwan Morgan,Brentford,FWD,u,4.4,0,0,0,0,0,0,0,0,0,0,0,0,0,0,0.0,0.0,0.0,0.0,0.0,0.0,0.0,0.0,0.3,False,0,0,0
134,Trevitt,Ryan Trevitt,Brentford,MID,u,4.5,0,0,0,0,0,0,0,0,0,0,0,0,0,0,0.0,0.0,0.0,0.0,0.0,0.0,0.0,0.0,0.0,False,0,0,0
132,Maghoma,Paris Maghoma,Brentford,MID,u,4.5,0,0,0,0,0,0,0,0,0,0,0,0,0,0,0.0,0.0,0.0,0.0,0.0,0.0,0.0,0.0,0.0,False,0,0,0
131,Konak,Yunus Emre Konak,Brentford,MID,u,4.3,0,0,0,0,0,0,0,0,0,0,0,0,0,0,0.0,0.0,0.0,0.0,0.0,0.0,0.0,0.0,0.1,False,0,0,0
91,Sinisterra,Luis Sinisterra Lucumí,Bournemouth,MID,u,5.0,0,0,0,0,0,0,0,0,0,0,0,0,0,0,0.0,0.0,0.0,0.0,0.0,0.0,0.0,0.0,0.0,False,0,0,0
89,Philip,Philip Billing,Bournemouth,MID,u,4.9,0,0,0,0,0,0,0,0,0,0,0,0,0,0,0.0,0.0,0.0,0.0,0.0,0.0,0.0,0.0,0.0,False,0,0,0
595,Olusesi,Callum Olusesi,Spurs,MID,a,4.3,0,0,0,0,0,0,0,0,0,0,0,0,0,0,0.0,0.0,0.0,0.0,0.0,0.0,0.0,-0.5,0.2,False,0,0,0
594,Min-hyeok,Yang Min-hyeok,Spurs,MID,u,4.5,0,0,0,0,0,0,0,0,0,0,0,0,0,0,0.0,0.0,0.0,0.0,0.0,0.0,0.0,0.0,0.0,False,0,0,0
592,Moore,Mikey Moore,Spurs,MID,u,5.0,0,0,0,0,0,0,0,0,0,0,0,0,0,0,0.0,0.0,0.0,0.0,0.0,0.0,0.0,0.0,0.0,False,0,0,0
590,Bryan,Bryan Gil Salvatierra,Spurs,MID,u,4.9,0,0,0,0,0,0,0,0,0,0,0,0,0,0,0.0,0.0,0.0,0.0,0.0,0.0,0.0,0.0,0.0,False,0,0,0
589,Solomon,Manor Solomon,Spurs,MID,u,5.4,0,0,0,0,0,0,0,0,0,0,0,0,0,0,0.0,0.0,0.0,0.0,0.0,0.0,0.0,0.0,0.0,False,0,0,0
583,Kulusevski,Dejan Kulusevski,Spurs,MID,i,6.4,0,0,0,0,0,0,0,0,0,0,0,0,0,0,0.0,0.0,0.0,0.0,0.0,0.0,0.0,0.0,0.0,False,0,0,0
581,Maddison,James Maddison,Spurs,MID,i,6.8,0,0,0,0,0,0,0,0,0,0,0,0,0,0,0.0,0.0,0.0,0.0,0.0,0.0,0.0,0.0,0.1,False,0,0,0
103,Cox,Matthew Cox,Brentford,GKP,u,3.9,0,0,0,0,0,0,0,0,0,0,0,0,0,0,0.0,0.0,0.0,0.0,0.0,0.0,0.0,0.0,0.1,False,0,0,0
102,Balcombe,Ellery Balcombe,Brentford,GKP,a,3.9,0,0,0,0,0,0,0,0,0,0,0,0,0,0,0.0,0.0,0.0,0.0,0.0,0.0,0.0,0.5,0.3,False,0,0,0
806,Mandas,Christos Mandas,Bournemouth,GKP,a,4.0,0,0,0,0,0,0,0,0,0,0,0,0,0,0,0.0,0.0,0.0,0.0,0.0,0.0,0.0,0.5,0.0,False,0,0,0
799,Stevens,Charlie Stevens,Bournemouth,MID,a,4.5,0,0,0,0,0,0,0,0,0,0,0,0,0,0,0.0,0.0,0.0,0.0,0.0,0.0,0.0,0.5,0.0,False,0,0,0
782,Forster,Fraser Forster,Bournemouth,GKP,a,4.0,0,0,0,0,0,0,0,0,0,0,0,0,0,0,0.0,0.0,0.0,0.0,0.0,0.0,0.0,0.5,0.0,False,0,0,0
756,DaCosta,Malcom DaCosta,Bournemouth,MID,a,4.5,0,0,0,0,0,0,0,0,0,0,0,0,0,0,0.0,0.0,0.0,0.0,0.0,0.0,0.0,0.5,0.0,False,0,0,0
687,Rees-Dottin,Remy Rees-Dottin,Bournemouth,MID,a,4.3,0,0,0,0,0,0,0,0,0,0,0,0,0,0,0.0,0.0,0.0,0.0,0.0,0.0,0.0,0.5,0.2,False,0,0,0
76,Bevan,Owen Bevan,Bournemouth,DEF,a,3.8,0,0,0,0,0,0,0,0,0,0,0,0,0,0,0.0,0.0,0.0,0.0,0.0,0.0,0.0,0.5,0.2,False,0,0,0
75,Akinmboni,Matai Akinmboni,Bournemouth,DEF,a,3.8,0,0,0,0,0,0,0,0,0,0,0,0,0,0,0.0,0.0,0.0,0.0,0.0,0.0,0.0,0.5,0.2,False,0,0,0
71,Zabarnyi,Illia Zabarnyi,Bournemouth,DEF,u,5.0,0,0,0,0,0,0,0,0,0,0,0,0,0,0,0.0,0.0,0.0,0.0,0.0,0.0,0.0,0.0,0.0,False,0,0,0
70,Paulsen,Alex Paulsen,Bournemouth,GKP,u,4.0,0,0,0,0,0,0,0,0,0,0,0,0,0,0,0.0,0.0,0.0,0.0,0.0,0.0,0.0,0.0,0.1,False,0,0,0
69,McKenna,Callan McKenna,Bournemouth,GKP,a,3.9,0,0,0,0,0,0,0,0,0,0,0,0,0,0,0.0,0.0,0.0,0.0,0.0,0.0,0.0,0.5,0.3,False,0,0,0
68,Dennis,Will Dennis,Bournemouth,GKP,u,4.0,0,0,0,0,0,0,0,0,0,0,0,0,0,0,0.0,0.0,0.0,0.0,0.0,0.0,0.0,0.0,0.7,False,0,0,0
818,Wilson,James Wilson,Spurs,FWD,a,4.5,0,0,0,0,0,0,0,0,0,0,0,0,0,0,0.0,0.0,0.0,0.0,0.0,0.0,0.0,-0.5,0.0,False,0,0,0
811,Kyerematen,Rio Kyerematen,Spurs,MID,a,4.5,0,0,0,0,0,0,0,0,0,0,0,0,0,0,0.0,0.0,0.0,0.0,0.0,0.0,0.0,-0.5,0.0,False,0,0,0
790,Williams-Barnett,Lucá Williams-Barnett,Spurs,MID,a,4.5,0,0,0,0,0,0,0,0,0,0,0,0,0,0,0.0,0.0,0.0,0.0,0.0,0.0,0.0,-0.5,0.0,False,0,0,0
751,Akhamrich,Yusuf Akhamrich,Spurs,MID,u,4.5,0,0,0,0,0,0,0,0,0,0,0,0,0,0,0.0,0.0,0.0,0.0,0.0,0.0,0.0,0.0,0.0,False,0,0,0
750,Rowswell,James Rowswell,Spurs,DEF,a,4.0,0,0,0,0,0,0,0,0,0,0,0,0,0,0,0.0,0.0,0.0,0.0,0.0,0.0,0.0,-0.5,0.0,False,0,0,0
598,Lankshear,Will Lankshear,Spurs,FWD,u,4.5,0,0,0,0,0,0,0,0,0,0,0,0,0,0,0.0,0.0,0.0,0.0,0.0,0.0,0.0,0.0,0.0,False,0,0,0
99,Adu-Adjei,Daniel Adu-Adjei,Bournemouth,FWD,u,4.4,0,0,0,0,0,0,0,0,0,0,0,0,0,0,0.0,0.0,0.0,0.0,0.0,0.0,0.0,0.0,0.1,False,0,0,0
95,Silcott-Duberry,Zain Silcott-Duberry,Bournemouth,MID,u,4.4,0,0,0,0,0,0,0,0,0,0,0,0,0,0,0.0,0.0,0.0,0.0,0.0,0.0,0.0,0.0,0.1,False,0,0,0
94,Sadi,Dominic Sadi,Bournemouth,MID,u,4.5,0,0,0,0,0,0,0,0,0,0,0,0,0,0,0.0,0.0,0.0,0.0,0.0,0.0,0.0,0.0,0.0,False,0,0,0
92,Faivre,Romain Faivre,Bournemouth,MID,u,4.5,0,0,0,0,0,0,0,0,0,0,0,0,0,0,0.0,0.0,0.0,0.0,0.0,0.0,0.0,0.0,0.1,False,0,0,0
203,Boateng,Enock Agyei,Burnley,MID,a,4.7,0,0,0,0,0,0,0,0,0,0,0,0,0,0,0.0,0.0,0.0,0.0,0.0,0.0,-0.5,-0.5,0.0,False,0,0,0
201,Benson,Manuel Benson Hedilazio,Burnley,MID,u,5.4,0,0,0,0,0,0,0,0,0,0,0,0,0,0,0.0,0.0,0.0,0.0,0.0,0.0,0.0,0.0,0.0,False,0,0,0
617,Cornet,Maxwel Cornet,West Ham,MID,u,4.9,0,0,0,0,0,0,0,0,0,0,0,0,0,0,0.0,0.0,0.0,0.0,0.0,0.0,0.0,0.0,0.0,False,0,0,0
616,Álvarez,Edson Álvarez Velázquez,West Ham,MID,u,4.9,0,0,0,0,0,0,0,0,0,0,0,0,0,0,0.0,0.0,0.0,0.0,0.0,0.0,0.0,0.0,0.0,False,0,0,0
611,Casey,Kaelan Casey,West Ham,DEF,u,4.0,0,0,0,0,0,0,0,0,0,0,0,0,0,0,0.0,0.0,0.0,0.0,0.0,0.0,0.0,0.0,0.1,False,0,0,0
604,Emerson,Emerson Palmieri dos Santos,West Ham,DEF,u,4.4,0,0,0,0,0,0,0,0,0,0,0,0,0,0,0.0,0.0,0.0,0.0,0.0,0.0,0.0,0.0,0.1,False,0,0,0
602,Hegyi,Krisztián Hegyi,West Ham,GKP,u,3.9,0,0,0,0,0,0,0,0,0,0,0,0,0,0,0.0,0.0,0.0,0.0,0.0,0.0,0.0,0.0,0.2,False,0,0,0
601,Foderingham,Wes Foderingham,West Ham,GKP,u,4.0,0,0,0,0,0,0,0,0,0,0,0,0,0,0,0.0,0.0,0.0,0.0,0.0,0.0,0.0,0.0,0.2,False,0,0,0
66,Neto,Norberto Murara Neto,Bournemouth,GKP,u,4.5,0,0,0,0,0,0,0,0,0,0,0,0,0,0,0.0,0.0,0.0,0.0,0.0,0.0,0.0,0.0,0.1,False,0,0,0
820,McMahon-Brown,Kian McMahon-Brown,Burnley,MID,a,4.5,0,0,0,0,0,0,0,0,0,0,0,0,0,0,0.0,0.0,0.0,0.0,0.0,0.0,0.8,0.8,0.0,False,0,0,0
784,Brierley,George Brierley,Burnley,MID,a,4.5,0,0,0,0,0,0,0,0,0,0,0,0,0,0,0.0,0.0,0.0,0.0,0.0,0.0,-0.5,-0.5,0.0,False,0,0,0
776,Pimlott,Oliver Pimlott,Burnley,MID,a,4.5,0,0,0,0,0,0,0,0,0,0,0,0,0,0,0.0,0.0,0.0,0.0,0.0,0.0,-0.5,-0.5,0.0,False,0,0,0
219,Obafemi,Michael Obafemi,Burnley,FWD,u,4.4,0,0,0,0,0,0,0,0,0,0,0,0,0,0,0.0,0.0,0.0,0.0,0.0,0.0,0.0,0.0,0.1,False,0,0,0
216,Amdouni,Zeki Amdouni,Burnley,FWD,i,4.8,0,0,0,0,0,0,0,0,0,0,0,0,0,0,0.0,0.0,0.0,0.0,0.0,0.0,0.0,0.0,0.0,False,0,0,0
79,Mepham,Chris Mepham,Bournemouth,DEF,u,4.0,0,0,0,0,0,0,0,0,0,0,0,0,0,0,0.0,0.0,0.0,0.0,0.0,0.0,0.0,0.0,0.1,False,0,0,0
78,J.Araujo,Julián Araujo Zúñiga,Bournemouth,DEF,u,3.8,0,0,0,0,0,0,0,0,0,0,0,0,0,0,0.0,0.0,0.0,0.0,0.0,0.0,0.0,0.0,0.5,False,0,0,0
688,Wright,James Wright,Aston Villa,GKP,a,3.9,0,0,0,0,0,0,0,0,0,0,0,0,0,0,0.0,0.0,0.0,0.0,0.0,0.0,-0.5,-0.5,0.6,False,0,0,0
65,Redmond,Zépiqueno Redmond,Aston Villa,FWD,u,4.5,0,0,0,0,0,0,0,0,0,0,0,0,0,0,0.0,0.0,0.0,0.0,0.0,0.0,0.0,0.0,0.3,False,0,0,0
738,Fabianski,Lukasz Fabianski,West Ham,GKP,d,4.5,0,0,0,0,0,0,0,0,0,0,0,0,0,0,0.0,0.0,0.0,0.0,0.0,0.0,0.0,-0.1,0.0,False,0,0,0
622,Orford,Lewis Orford,West Ham,MID,u,4.4,0,0,0,0,0,0,0,0,0,0,0,0,0,0,0.0,0.0,0.0,0.0,0.0,0.0,0.0,0.0,0.1,False,0,0,0
196,Sambo,Shurandy Sambo,Burnley,DEF,u,4.0,0,0,0,0,0,0,0,0,0,0,0,0,0,0,0.0,0.0,0.0,0.0,0.0,0.0,0.0,0.0,0.0,False,0,0,0
194,Jordan,Jordan Beyer,Burnley,DEF,i,3.9,0,0,0,0,0,0,0,0,0,0,0,0,0,0,0.0,0.0,0.0,0.0,0.0,0.0,0.0,0.0,0.1,False,0,0,0
189,Dodgson,Owen Dodgson,Burnley,DEF,u,4.0,0,0,0,0,0,0,0,0,0,0,0,0,0,0,0.0,0.0,0.0,0.0,0.0,0.0,0.0,0.0,0.0,False,0,0,0
188,Delcroix,Hannes Delcroix,Burnley,DEF,u,3.8,0,0,0,0,0,0,0,0,0,0,0,0,0,0,0.0,0.0,0.0,0.0,0.0,0.0,0.0,0.0,0.2,False,0,0,0
186,Roberts,Connor Roberts,Burnley,DEF,i,4.3,0,0,0,0,0,0,0,0,0,0,0,0,0,0,0.0,0.0,0.0,0.0,0.0,0.0,0.0,0.0,0.0,False,0,0,0
185,Hladký,Václav Hladký,Burnley,GKP,a,3.9,0,0,0,0,0,0,0,0,0,0,0,0,0,0,0.0,0.0,0.0,0.0,0.0,0.0,-0.5,-0.5,0.2,False,0,0,0
184,Green,Etienne Green,Burnley,GKP,u,4.0,0,0,0,0,0,0,0,0,0,0,0,0,0,0,0.0,0.0,0.0,0.0,0.0,0.0,0.0,0.0,0.2,False,0,0,0
183,Weiss,Max Weiß,Burnley,GKP,a,4.3,0,0,0,0,0,0,0,0,0,0,0,0,0,0,0.0,0.0,0.0,0.0,0.0,0.0,-0.5,-0.5,0.1,False,0,0,0
212,Adewumi,Oluwaseun Adewumi,Burnley,MID,u,4.5,0,0,0,0,0,0,0,0,0,0,0,0,0,0,0.0,0.0,0.0,0.0,0.0,0.0,0.0,0.0,0.0,False,0,0,0
211,A.Ramsey,Aaron Ramsey,Burnley,MID,u,4.4,0,0,0,0,0,0,0,0,0,0,0,0,0,0,0.0,0.0,0.0,0.0,0.0,0.0,0.0,0.0,1.4,False,0,0,0
208,Koleosho,Luca Koleosho,Burnley,MID,u,5.0,0,0,0,0,0,0,0,0,0,0,0,0,0,0,0.0,0.0,0.0,0.0,0.0,0.0,0.0,0.0,0.0,False,0,0,0
204,Churlinov,Darko Churlinov,Burnley,MID,u,4.9,0,0,0,0,0,0,0,0,0,0,0,0,0,0,0.0,0.0,0.0,0.0,0.0,0.0,0.0,0.0,0.0,False,0,0,0
420,Gündoğan,İlkay Gündoğan,Man City,MID,u,6.3,0,0,0,0,0,0,0,0,0,0,0,0,0,0,0.0,0.0,0.0,0.0,0.0,0.0,0.0,0.0,0.1,False,0,0,0
653,Hodge,Joe Hodge,Wolves,MID,u,4.5,0,0,0,0,0,0,0,0,0,0,0,0,0,0,0.0,0.0,0.0,0.0,0.0,0.0,0.0,0.0,0.0,False,0,0,0
652,Gonzalez,Enso González Medina,Wolves,MID,a,4.3,0,0,0,0,0,0,0,0,0,0,0,0,0,0,0.0,0.0,0.0,0.0,0.0,0.0,-1.0,-0.5,1.3,False,0,0,0
649,B.Traore,Boubacar Traoré,Wolves,MID,u,5.0,0,0,0,0,0,0,0,0,0,0,0,0,0,0,0.0,0.0,0.0,0.0,0.0,0.0,0.0,0.0,0.0,False,0,0,0
647,Guedes,Gonçalo Manuel Ganchinho Guedes,Wolves,MID,u,5.5,0,0,0,0,0,0,0,0,0,0,0,0,0,0,0.0,0.0,0.0,0.0,0.0,0.0,0.0,0.0,0.0,False,0,0,0
641,Pond,Alfie Pond,Wolves,DEF,u,3.9,0,0,0,0,0,0,0,0,0,0,0,0,0,0,0.0,0.0,0.0,0.0,0.0,0.0,0.0,0.0,1.0,False,0,0,0
639,Meupiyou,Bastien Meupiyou Menadjou,Wolves,DEF,u,4.0,0,0,0,0,0,0,0,0,0,0,0,0,0,0,0.0,0.0,0.0,0.0,0.0,0.0,0.0,0.0,0.0,False,0,0,0
711,Harriman-Annous,Andre Harriman-Annous,Arsenal,MID,a,4.4,0,0,0,0,0,0,0,0,0,0,0,0,0,0,0.0,0.0,0.0,0.0,0.0,0.0,1.0,1.0,0.0,False,0,0,0
29,Sambi,Albert Sambi Lokonga,Arsenal,MID,u,4.5,0,0,0,0,0,0,0,0,0,0,0,0,0,0,0.0,0.0,0.0,0.0,0.0,0.0,0.0,0.0,0.0,False,0,0,0
28,Kabia,Ismeal Kabia,Arsenal,MID,u,4.5,0,0,0,0,0,0,0,0,0,0,0,0,0,0,0.0,0.0,0.0,0.0,0.0,0.0,0.0,0.0,0.1,False,0,0,0
23,Fábio Vieira,Fábio Ferreira Vieira,Arsenal,MID,u,5.4,0,0,0,0,0,0,0,0,0,0,0,0,0,0,0.0,0.0,0.0,0.0,0.0,0.0,0.0,0.0,0.0,False,0,0,0
46,Yasin,Yasin Özcan,Aston Villa,DEF,u,4.0,0,0,0,0,0,0,0,0,0,0,0,0,0,0,0.0,0.0,0.0,0.0,0.0,0.0,0.0,0.0,0.1,False,0,0,0
45,Sousa,Lino da Cruz Sousa,Aston Villa,DEF,u,3.8,0,0,0,0,0,0,0,0,0,0,0,0,0,0,0.0,0.0,0.0,0.0,0.0,0.0,0.0,0.0,0.3,False,0,0,0
43,Alex Moreno,Álex Moreno Lopera,Aston Villa,DEF,u,4.0,0,0,0,0,0,0,0,0,0,0,0,0,0,0,0.0,0.0,0.0,0.0,0.0,0.0,0.0,0.0,1.6,False,0,0,0
35,Marschall,Filip Marschall,Aston Villa,GKP,u,4.0,0,0,0,0,0,0,0,0,0,0,0,0,0,0,0.0,0.0,0.0,0.0,0.0,0.0,0.0,0.0,0.0,False,0,0,0
34,Gauci,Joe Gauci,Aston Villa,GKP,u,4.0,0,0,0,0,0,0,0,0,0,0,0,0,0,0,0.0,0.0,0.0,0.0,0.0,0.0,0.0,0.0,0.1,False,0,0,0
412,Vitor Reis,Vitor de Oliveira Nunes dos Reis,Man City,DEF,u,5.0,0,0,0,0,0,0,0,0,0,0,0,0,0,0,0.0,0.0,0.0,0.0,0.0,0.0,0.0,0.0,0.0,False,0,0,0
404,Akanji,Manuel Akanji,Man City,DEF,u,5.4,0,0,0,0,0,0,0,0,0,0,0,0,0,0,0.0,0.0,0.0,0.0,0.0,0.0,0.0,0.0,0.3,False,0,0,0
401,Bettinelli,Marcus Bettinelli,Man City,GKP,a,3.8,0,0,0,0,0,0,0,0,0,0,0,0,0,0,0.0,0.0,0.0,0.0,0.0,0.0,0.5,0.5,0.4,False,0,0,0
399,Ederson M.,Ederson Santana de Moraes,Man City,GKP,u,5.3,0,0,0,0,0,0,0,0,0,0,0,0,0,0,0.0,0.0,0.0,0.0,0.0,0.0,0.0,0.0,0.8,False,0,0,0
439,D.Leon,Diego León Blanco,Man Utd,DEF,a,4.2,0,0,0,0,0,0,0,0,0,0,0,0,0,0,0.0,0.0,0.0,0.0,0.0,0.0,0.5,0.5,0.1,False,0,0,0
435,Mee,Dermot Mee,Man Utd,GKP,a,3.9,0,0,0,0,0,0,0,0,0,0,0,0,0,0,0.0,0.0,0.0,0.0,0.0,0.0,0.5,0.5,0.1,False,0,0,0
434,Heaton,Tom Heaton,Man Utd,GKP,a,3.9,0,0,0,0,0,0,0,0,0,0,0,0,0,0,0.0,0.0,0.0,0.0,0.0,0.0,0.5,0.5,0.2,False,0,0,0
433,Harrison,Elyh Harrison,Man Utd,GKP,u,4.0,0,0,0,0,0,0,0,0,0,0,0,0,0,0,0.0,0.0,0.0,0.0,0.0,0.0,0.0,0.0,0.0,False,0,0,0
432,Onana,André Onana,Man Utd,GKP,u,4.9,0,0,0,0,0,0,0,0,0,0,0,0,0,0,0.0,0.0,0.0,0.0,0.0,0.0,0.0,0.0,0.1,False,0,0,0
764,Heskey,Reigan Heskey,Man City,MID,a,4.5,0,0,0,0,0,0,0,0,0,0,0,0,0,0,0.0,0.0,0.0,0.0,0.0,0.0,0.5,0.5,0.0,False,0,0,0
763,Gray,Charlie Gray,Man City,MID,a,4.5,0,0,0,0,0,0,0,0,0,0,0,0,0,0,0.0,0.0,0.0,0.0,0.0,0.0,0.5,0.5,0.0,False,0,0,0
742,McAidoo,Ryan McAidoo,Man City,MID,a,4.5,0,0,0,0,0,0,0,0,0,0,0,0,0,0,0.0,0.0,0.0,0.0,0.0,0.0,0.5,0.5,0.0,False,0,0,0
740,Mfuni,Stephen Mfuni,Man City,DEF,u,3.9,0,0,0,0,0,0,0,0,0,0,0,0,0,0,0.0,0.0,0.0,0.0,0.0,0.0,0.0,0.0,0.0,False,0,0,0
429,Phillips,Kalvin Phillips,Man City,MID,u,4.7,0,0,0,0,0,0,0,0,0,0,0,0,0,0,0.0,0.0,0.0,0.0,0.0,0.0,0.0,0.0,0.1,False,0,0,0
428,Nypan,Sverre Nypan,Man City,MID,a,5.0,0,0,0,0,0,0,0,0,0,0,0,0,0,0,0.0,0.0,0.0,0.0,0.0,0.0,0.5,0.5,0.0,False,0,0,0
425,Echeverri,Claudio Echeverri,Man City,MID,u,5.4,0,0,0,0,0,0,0,0,0,0,0,0,0,0,0.0,0.0,0.0,0.0,0.0,0.0,0.0,0.0,0.0,False,0,0,0
